<?xml version="1.0" encoding="UTF-8"?>
<gpx version="1.1" creator="albanie" xmlns="http://www.topografix.com/GPX/1/1"><metadata><name>St 23. 9.: Voskopojë → Lavdar → Lozhan → Gramsh → Berat</name></metadata><wpt lat="40.63349" lon="20.59444"><name>Voskopojë (start)</name></wpt><wpt lat="40.6148" lon="20.5493"><name>Shkozanj</name></wpt><wpt lat="40.6352" lon="20.489"><name>Lavdar – nejzápadnější bod</name></wpt><wpt lat="40.6612" lon="20.4916"><name>Osoje</name></wpt><wpt lat="40.6857" lon="20.5006"><name>Gjinikas</name></wpt><wpt lat="40.7206" lon="20.53076"><name>Lozhan – silnice údolím Devollu: DOLEVA na Gramsh (trail jde doprava na Maliq)</name></wpt><wpt lat="40.8654" lon="20.1864"><name>Gramsh</name></wpt><wpt lat="40.7059" lon="19.9511"><name>Berat – Hotel Mangalemi</name></wpt><trk><name>1 Terén: Voskopojë → Lozhan (Wikiloc From Voskopoje, 8/2026, zjednodušeno)</name><trkseg><trkpt lat="40.63349" lon="20.59444"/><trkpt lat="40.63607" lon="20.5941"/><trkpt lat="40.63401" lon="20.59458"/><trkpt lat="40.6322" lon="20.59294"/><trkpt lat="40.63327" lon="20.58731"/><trkpt lat="40.63427" lon="20.58434"/><trkpt lat="40.6356" lon="20.58328"/><trkpt lat="40.63549" lon="20.58243"/><trkpt lat="40.63579" lon="20.57798"/><trkpt lat="40.63728" lon="20.57468"/><trkpt lat="40.63882" lon="20.5722"/><trkpt lat="40.63905" lon="20.56976"/><trkpt lat="40.64092" lon="20.56737"/><trkpt lat="40.64449" lon="20.56939"/><trkpt lat="40.64731" lon="20.56756"/><trkpt lat="40.65147" lon="20.56828"/><trkpt lat="40.65429" lon="20.56843"/><trkpt lat="40.65517" lon="20.56738"/><trkpt lat="40.65319" lon="20.56867"/><trkpt lat="40.65085" lon="20.56824"/><trkpt lat="40.64763" lon="20.56751"/><trkpt lat="40.64575" lon="20.56883"/><trkpt lat="40.64246" lon="20.56777"/><trkpt lat="40.63876" lon="20.56722"/><trkpt lat="40.63665" lon="20.56637"/><trkpt lat="40.63497" lon="20.56486"/><trkpt lat="40.63246" lon="20.56162"/><trkpt lat="40.62993" lon="20.55952"/><trkpt lat="40.62665" lon="20.55687"/><trkpt lat="40.62096" lon="20.55756"/><trkpt lat="40.61678" lon="20.56076"/><trkpt lat="40.61503" lon="20.5615"/><trkpt lat="40.61615" lon="20.5587"/><trkpt lat="40.61653" lon="20.55637"/><trkpt lat="40.6166" lon="20.55336"/><trkpt lat="40.61525" lon="20.55463"/><trkpt lat="40.61525" lon="20.55402"/><trkpt lat="40.61563" lon="20.55243"/><trkpt lat="40.61492" lon="20.55134"/><trkpt lat="40.61471" lon="20.55097"/><trkpt lat="40.61477" lon="20.54972"/><trkpt lat="40.61552" lon="20.54767"/><trkpt lat="40.61561" lon="20.54508"/><trkpt lat="40.61587" lon="20.54274"/><trkpt lat="40.61711" lon="20.5452"/><trkpt lat="40.61827" lon="20.5428"/><trkpt lat="40.61849" lon="20.54132"/><trkpt lat="40.61935" lon="20.53718"/><trkpt lat="40.62128" lon="20.53773"/><trkpt lat="40.62144" lon="20.53526"/><trkpt lat="40.62253" lon="20.53239"/><trkpt lat="40.62496" lon="20.53143"/><trkpt lat="40.62702" lon="20.5272"/><trkpt lat="40.62942" lon="20.5262"/><trkpt lat="40.63216" lon="20.52389"/><trkpt lat="40.63356" lon="20.51949"/><trkpt lat="40.63105" lon="20.51889"/><trkpt lat="40.62963" lon="20.52114"/><trkpt lat="40.62868" lon="20.52225"/><trkpt lat="40.62731" lon="20.52225"/><trkpt lat="40.62629" lon="20.5221"/><trkpt lat="40.6245" lon="20.52112"/><trkpt lat="40.62189" lon="20.52134"/><trkpt lat="40.62372" lon="20.51941"/><trkpt lat="40.62452" lon="20.51826"/><trkpt lat="40.62459" lon="20.51775"/><trkpt lat="40.62573" lon="20.51619"/><trkpt lat="40.62784" lon="20.51365"/><trkpt lat="40.62887" lon="20.51131"/><trkpt lat="40.63103" lon="20.50786"/><trkpt lat="40.63311" lon="20.50498"/><trkpt lat="40.63266" lon="20.50186"/><trkpt lat="40.63391" lon="20.49849"/><trkpt lat="40.63306" lon="20.49605"/><trkpt lat="40.63449" lon="20.49279"/><trkpt lat="40.63523" lon="20.48897"/><trkpt lat="40.63658" lon="20.4875"/><trkpt lat="40.63745" lon="20.48678"/><trkpt lat="40.63916" lon="20.48796"/><trkpt lat="40.63975" lon="20.48672"/><trkpt lat="40.64046" lon="20.48868"/><trkpt lat="40.64185" lon="20.48645"/><trkpt lat="40.64209" lon="20.48682"/><trkpt lat="40.64231" lon="20.48775"/><trkpt lat="40.64163" lon="20.48964"/><trkpt lat="40.64228" lon="20.4905"/><trkpt lat="40.6448" lon="20.48986"/><trkpt lat="40.64701" lon="20.48994"/><trkpt lat="40.64849" lon="20.48862"/><trkpt lat="40.64969" lon="20.4897"/><trkpt lat="40.65167" lon="20.48952"/><trkpt lat="40.65259" lon="20.48835"/><trkpt lat="40.65435" lon="20.48868"/><trkpt lat="40.65671" lon="20.48754"/><trkpt lat="40.65824" lon="20.48737"/><trkpt lat="40.66031" lon="20.48956"/><trkpt lat="40.66218" lon="20.4916"/><trkpt lat="40.66404" lon="20.49283"/><trkpt lat="40.66587" lon="20.49459"/><trkpt lat="40.66612" lon="20.49574"/><trkpt lat="40.66601" lon="20.49749"/><trkpt lat="40.6643" lon="20.49967"/><trkpt lat="40.66557" lon="20.50144"/><trkpt lat="40.66739" lon="20.50338"/><trkpt lat="40.6672" lon="20.502"/><trkpt lat="40.66834" lon="20.50154"/><trkpt lat="40.66958" lon="20.50015"/><trkpt lat="40.67132" lon="20.49913"/><trkpt lat="40.67318" lon="20.5003"/><trkpt lat="40.67393" lon="20.4993"/><trkpt lat="40.67445" lon="20.49814"/><trkpt lat="40.67513" lon="20.49645"/><trkpt lat="40.67618" lon="20.4944"/><trkpt lat="40.67531" lon="20.49265"/><trkpt lat="40.67549" lon="20.49038"/><trkpt lat="40.67557" lon="20.48922"/><trkpt lat="40.67618" lon="20.48985"/><trkpt lat="40.67606" lon="20.48788"/><trkpt lat="40.67668" lon="20.48756"/><trkpt lat="40.67779" lon="20.48918"/><trkpt lat="40.67895" lon="20.49147"/><trkpt lat="40.67971" lon="20.49525"/><trkpt lat="40.68044" lon="20.49667"/><trkpt lat="40.68239" lon="20.49713"/><trkpt lat="40.68549" lon="20.49777"/><trkpt lat="40.68567" lon="20.50062"/><trkpt lat="40.68602" lon="20.50487"/><trkpt lat="40.68729" lon="20.50744"/><trkpt lat="40.69" lon="20.5089"/><trkpt lat="40.69072" lon="20.51266"/><trkpt lat="40.69316" lon="20.5154"/><trkpt lat="40.69904" lon="20.51558"/><trkpt lat="40.70086" lon="20.51883"/><trkpt lat="40.70402" lon="20.51975"/><trkpt lat="40.70734" lon="20.52225"/><trkpt lat="40.70942" lon="20.52446"/><trkpt lat="40.7128" lon="20.52663"/><trkpt lat="40.7175" lon="20.52715"/><trkpt lat="40.71846" lon="20.52827"/><trkpt lat="40.71948" lon="20.52944"/><trkpt lat="40.7206" lon="20.53076"/></trkseg></trk><trk><name>2 Silnice údolím Devollu: Lozhan → Gramsh</name><trkseg><trkpt lat="40.720578" lon="20.530773"/><trkpt lat="40.720567" lon="20.530745"/><trkpt lat="40.720452" lon="20.530502"/><trkpt lat="40.72026" lon="20.530238"/><trkpt lat="40.720145" lon="20.530062"/><trkpt lat="40.720047" lon="20.529872"/><trkpt lat="40.719967" lon="20.529794"/><trkpt lat="40.719811" lon="20.529744"/><trkpt lat="40.719722" lon="20.529702"/><trkpt lat="40.719415" lon="20.529411"/><trkpt lat="40.718752" lon="20.528662"/><trkpt lat="40.717601" lon="20.527149"/><trkpt lat="40.717516" lon="20.527036"/><trkpt lat="40.717192" lon="20.526758"/><trkpt lat="40.717019" lon="20.526558"/><trkpt lat="40.716976" lon="20.526517"/><trkpt lat="40.716955" lon="20.526478"/><trkpt lat="40.716946" lon="20.526438"/><trkpt lat="40.716952" lon="20.526409"/><trkpt lat="40.716971" lon="20.526379"/><trkpt lat="40.716992" lon="20.526351"/><trkpt lat="40.717023" lon="20.526352"/><trkpt lat="40.717071" lon="20.526391"/><trkpt lat="40.717152" lon="20.526495"/><trkpt lat="40.717233" lon="20.526577"/><trkpt lat="40.717472" lon="20.526693"/><trkpt lat="40.717779" lon="20.526729"/><trkpt lat="40.717854" lon="20.526763"/><trkpt lat="40.717966" lon="20.526827"/><trkpt lat="40.718006" lon="20.526866"/><trkpt lat="40.71805" lon="20.526923"/><trkpt lat="40.71815" lon="20.527131"/><trkpt lat="40.718199" lon="20.527194"/><trkpt lat="40.718267" lon="20.527259"/><trkpt lat="40.718732" lon="20.527819"/><trkpt lat="40.718836" lon="20.527912"/><trkpt lat="40.718917" lon="20.528"/><trkpt lat="40.719025" lon="20.528152"/><trkpt lat="40.719282" lon="20.528437"/><trkpt lat="40.719393" lon="20.528545"/><trkpt lat="40.719449" lon="20.528559"/><trkpt lat="40.719518" lon="20.528541"/><trkpt lat="40.719749" lon="20.528216"/><trkpt lat="40.720061" lon="20.527907"/><trkpt lat="40.720118" lon="20.527807"/><trkpt lat="40.72015" lon="20.527721"/><trkpt lat="40.720164" lon="20.52756"/><trkpt lat="40.72016" lon="20.527417"/><trkpt lat="40.720199" lon="20.527308"/><trkpt lat="40.720293" lon="20.527124"/><trkpt lat="40.720378" lon="20.527004"/><trkpt lat="40.720476" lon="20.526811"/><trkpt lat="40.720532" lon="20.526759"/><trkpt lat="40.720588" lon="20.526732"/><trkpt lat="40.720649" lon="20.526735"/><trkpt lat="40.72085" lon="20.526785"/><trkpt lat="40.720954" lon="20.526726"/><trkpt lat="40.721194" lon="20.526522"/><trkpt lat="40.721262" lon="20.526483"/><trkpt lat="40.721323" lon="20.526467"/><trkpt lat="40.721377" lon="20.526471"/><trkpt lat="40.721538" lon="20.526526"/><trkpt lat="40.721593" lon="20.526529"/><trkpt lat="40.721958" lon="20.526479"/><trkpt lat="40.722018" lon="20.526485"/><trkpt lat="40.722076" lon="20.526502"/><trkpt lat="40.72243" lon="20.526752"/><trkpt lat="40.722479" lon="20.526774"/><trkpt lat="40.722573" lon="20.526783"/><trkpt lat="40.722739" lon="20.526732"/><trkpt lat="40.722807" lon="20.526726"/><trkpt lat="40.722861" lon="20.526741"/><trkpt lat="40.723017" lon="20.526873"/><trkpt lat="40.723098" lon="20.526926"/><trkpt lat="40.723209" lon="20.527035"/><trkpt lat="40.723458" lon="20.527334"/><trkpt lat="40.723794" lon="20.52754"/><trkpt lat="40.723852" lon="20.527534"/><trkpt lat="40.724025" lon="20.52739"/><trkpt lat="40.724074" lon="20.527334"/><trkpt lat="40.724133" lon="20.527231"/><trkpt lat="40.724237" lon="20.526952"/><trkpt lat="40.724298" lon="20.526859"/><trkpt lat="40.724363" lon="20.526776"/><trkpt lat="40.724417" lon="20.526677"/><trkpt lat="40.724553" lon="20.526259"/><trkpt lat="40.72461" lon="20.526136"/><trkpt lat="40.72482" lon="20.525924"/><trkpt lat="40.724888" lon="20.52579"/><trkpt lat="40.725033" lon="20.525328"/><trkpt lat="40.725064" lon="20.525082"/><trkpt lat="40.725102" lon="20.524947"/><trkpt lat="40.725188" lon="20.524811"/><trkpt lat="40.725324" lon="20.524666"/><trkpt lat="40.725594" lon="20.524475"/><trkpt lat="40.72572" lon="20.524355"/><trkpt lat="40.725834" lon="20.524169"/><trkpt lat="40.725927" lon="20.523871"/><trkpt lat="40.72605" lon="20.523199"/><trkpt lat="40.726031" lon="20.523111"/><trkpt lat="40.726013" lon="20.523093"/><trkpt lat="40.725969" lon="20.523071"/><trkpt lat="40.725928" lon="20.523103"/><trkpt lat="40.725887" lon="20.523214"/><trkpt lat="40.725736" lon="20.523546"/><trkpt lat="40.725664" lon="20.523648"/><trkpt lat="40.725626" lon="20.52368"/><trkpt lat="40.72554" lon="20.523724"/><trkpt lat="40.725447" lon="20.52373"/><trkpt lat="40.725405" lon="20.523727"/><trkpt lat="40.725341" lon="20.52371"/><trkpt lat="40.725249" lon="20.52366"/><trkpt lat="40.725193" lon="20.523584"/><trkpt lat="40.725046" lon="20.523492"/><trkpt lat="40.724945" lon="20.523461"/><trkpt lat="40.724845" lon="20.52347"/><trkpt lat="40.724816" lon="20.523489"/><trkpt lat="40.724789" lon="20.523521"/><trkpt lat="40.724764" lon="20.5236"/><trkpt lat="40.724655" lon="20.524042"/><trkpt lat="40.724624" lon="20.524086"/><trkpt lat="40.724582" lon="20.52411"/><trkpt lat="40.724529" lon="20.524128"/><trkpt lat="40.724473" lon="20.524124"/><trkpt lat="40.724245" lon="20.524058"/><trkpt lat="40.724172" lon="20.524058"/><trkpt lat="40.724103" lon="20.524067"/><trkpt lat="40.723721" lon="20.524238"/><trkpt lat="40.723667" lon="20.524254"/><trkpt lat="40.723615" lon="20.524258"/><trkpt lat="40.723327" lon="20.524234"/><trkpt lat="40.723167" lon="20.524193"/><trkpt lat="40.723029" lon="20.524128"/><trkpt lat="40.722949" lon="20.524059"/><trkpt lat="40.72287" lon="20.523958"/><trkpt lat="40.722271" lon="20.522764"/><trkpt lat="40.722225" lon="20.522682"/><trkpt lat="40.72215" lon="20.522547"/><trkpt lat="40.722084" lon="20.522458"/><trkpt lat="40.722018" lon="20.522399"/><trkpt lat="40.721937" lon="20.522355"/><trkpt lat="40.721856" lon="20.522331"/><trkpt lat="40.721765" lon="20.522326"/><trkpt lat="40.72167" lon="20.522339"/><trkpt lat="40.720842" lon="20.522698"/><trkpt lat="40.720759" lon="20.522698"/><trkpt lat="40.720688" lon="20.522682"/><trkpt lat="40.720614" lon="20.52265"/><trkpt lat="40.72055" lon="20.522603"/><trkpt lat="40.720487" lon="20.522532"/><trkpt lat="40.720446" lon="20.522452"/><trkpt lat="40.72041" lon="20.522362"/><trkpt lat="40.720393" lon="20.522261"/><trkpt lat="40.720396" lon="20.522153"/><trkpt lat="40.720409" lon="20.522045"/><trkpt lat="40.72044" lon="20.521958"/><trkpt lat="40.720489" lon="20.521861"/><trkpt lat="40.721087" lon="20.520881"/><trkpt lat="40.72118" lon="20.520701"/><trkpt lat="40.72122" lon="20.520594"/><trkpt lat="40.721248" lon="20.520497"/><trkpt lat="40.721279" lon="20.520309"/><trkpt lat="40.721278" lon="20.520201"/><trkpt lat="40.721254" lon="20.519979"/><trkpt lat="40.721227" lon="20.519881"/><trkpt lat="40.721187" lon="20.519779"/><trkpt lat="40.721142" lon="20.519688"/><trkpt lat="40.721079" lon="20.51959"/><trkpt lat="40.720808" lon="20.519246"/><trkpt lat="40.720527" lon="20.518905"/><trkpt lat="40.720249" lon="20.518651"/><trkpt lat="40.719918" lon="20.518424"/><trkpt lat="40.719719" lon="20.518324"/><trkpt lat="40.718772" lon="20.517901"/><trkpt lat="40.718694" lon="20.51785"/><trkpt lat="40.718581" lon="20.517723"/><trkpt lat="40.718474" lon="20.517538"/><trkpt lat="40.718434" lon="20.517417"/><trkpt lat="40.718403" lon="20.5173"/><trkpt lat="40.718386" lon="20.517193"/><trkpt lat="40.718323" lon="20.516234"/><trkpt lat="40.718302" lon="20.516146"/><trkpt lat="40.718272" lon="20.516079"/><trkpt lat="40.718228" lon="20.516031"/><trkpt lat="40.718173" lon="20.516005"/><trkpt lat="40.718103" lon="20.515988"/><trkpt lat="40.718037" lon="20.516002"/><trkpt lat="40.717976" lon="20.516033"/><trkpt lat="40.717922" lon="20.516089"/><trkpt lat="40.717895" lon="20.516142"/><trkpt lat="40.717733" lon="20.516533"/><trkpt lat="40.717697" lon="20.516581"/><trkpt lat="40.717647" lon="20.516623"/><trkpt lat="40.717586" lon="20.516653"/><trkpt lat="40.717476" lon="20.516646"/><trkpt lat="40.717416" lon="20.516613"/><trkpt lat="40.717369" lon="20.516575"/><trkpt lat="40.717334" lon="20.516501"/><trkpt lat="40.717223" lon="20.516117"/><trkpt lat="40.717143" lon="20.515912"/><trkpt lat="40.717058" lon="20.515738"/><trkpt lat="40.716996" lon="20.51564"/><trkpt lat="40.716952" lon="20.515582"/><trkpt lat="40.716895" lon="20.51554"/><trkpt lat="40.716839" lon="20.515523"/><trkpt lat="40.71678" lon="20.515522"/><trkpt lat="40.716714" lon="20.515542"/><trkpt lat="40.716659" lon="20.515583"/><trkpt lat="40.716615" lon="20.515637"/><trkpt lat="40.716588" lon="20.515714"/><trkpt lat="40.716551" lon="20.516148"/><trkpt lat="40.716502" lon="20.51662"/><trkpt lat="40.716478" lon="20.516832"/><trkpt lat="40.716455" lon="20.516946"/><trkpt lat="40.716417" lon="20.51705"/><trkpt lat="40.716258" lon="20.51733"/><trkpt lat="40.716183" lon="20.517447"/><trkpt lat="40.7161" lon="20.517508"/><trkpt lat="40.716047" lon="20.517525"/><trkpt lat="40.715995" lon="20.517531"/><trkpt lat="40.715673" lon="20.517418"/><trkpt lat="40.71559" lon="20.517372"/><trkpt lat="40.715539" lon="20.517335"/><trkpt lat="40.715501" lon="20.517277"/><trkpt lat="40.715453" lon="20.517175"/><trkpt lat="40.715333" lon="20.516858"/><trkpt lat="40.715087" lon="20.516252"/><trkpt lat="40.715002" lon="20.516021"/><trkpt lat="40.714912" lon="20.515684"/><trkpt lat="40.714828" lon="20.515419"/><trkpt lat="40.714795" lon="20.515347"/><trkpt lat="40.714717" lon="20.515244"/><trkpt lat="40.714629" lon="20.515163"/><trkpt lat="40.714278" lon="20.514961"/><trkpt lat="40.714025" lon="20.514826"/><trkpt lat="40.713938" lon="20.514768"/><trkpt lat="40.713649" lon="20.514516"/><trkpt lat="40.713579" lon="20.514476"/><trkpt lat="40.7135" lon="20.514443"/><trkpt lat="40.713413" lon="20.514425"/><trkpt lat="40.71333" lon="20.51442"/><trkpt lat="40.713248" lon="20.514425"/><trkpt lat="40.713162" lon="20.514442"/><trkpt lat="40.712635" lon="20.514696"/><trkpt lat="40.712559" lon="20.514709"/><trkpt lat="40.712473" lon="20.514701"/><trkpt lat="40.712405" lon="20.514687"/><trkpt lat="40.712338" lon="20.514658"/><trkpt lat="40.712076" lon="20.514395"/><trkpt lat="40.711842" lon="20.514127"/><trkpt lat="40.711802" lon="20.514063"/><trkpt lat="40.711761" lon="20.513977"/><trkpt lat="40.711734" lon="20.513881"/><trkpt lat="40.711641" lon="20.513456"/><trkpt lat="40.711611" lon="20.513376"/><trkpt lat="40.711575" lon="20.513319"/><trkpt lat="40.711535" lon="20.513283"/><trkpt lat="40.711403" lon="20.513232"/><trkpt lat="40.711337" lon="20.513188"/><trkpt lat="40.711257" lon="20.513111"/><trkpt lat="40.71103" lon="20.512794"/><trkpt lat="40.710769" lon="20.512457"/><trkpt lat="40.710575" lon="20.512186"/><trkpt lat="40.710187" lon="20.511692"/><trkpt lat="40.710108" lon="20.511583"/><trkpt lat="40.71003" lon="20.511495"/><trkpt lat="40.709948" lon="20.511423"/><trkpt lat="40.70969" lon="20.511229"/><trkpt lat="40.709628" lon="20.511149"/><trkpt lat="40.709563" lon="20.511002"/><trkpt lat="40.709501" lon="20.510826"/><trkpt lat="40.70936" lon="20.510532"/><trkpt lat="40.70918" lon="20.509986"/><trkpt lat="40.709143" lon="20.50989"/><trkpt lat="40.709108" lon="20.509833"/><trkpt lat="40.708988" lon="20.50968"/><trkpt lat="40.708935" lon="20.509592"/><trkpt lat="40.708902" lon="20.509475"/><trkpt lat="40.70887" lon="20.509219"/><trkpt lat="40.708867" lon="20.508827"/><trkpt lat="40.708862" lon="20.508773"/><trkpt lat="40.70884" lon="20.508712"/><trkpt lat="40.70881" lon="20.508664"/><trkpt lat="40.70876" lon="20.508623"/><trkpt lat="40.708705" lon="20.508603"/><trkpt lat="40.708269" lon="20.508471"/><trkpt lat="40.708129" lon="20.508438"/><trkpt lat="40.708023" lon="20.508374"/><trkpt lat="40.707924" lon="20.508272"/><trkpt lat="40.7078" lon="20.508176"/><trkpt lat="40.7077" lon="20.508111"/><trkpt lat="40.707456" lon="20.507988"/><trkpt lat="40.70724" lon="20.507735"/><trkpt lat="40.706982" lon="20.507517"/><trkpt lat="40.706932" lon="20.507425"/><trkpt lat="40.706902" lon="20.507331"/><trkpt lat="40.706899" lon="20.50723"/><trkpt lat="40.706904" lon="20.507133"/><trkpt lat="40.706997" lon="20.506533"/><trkpt lat="40.70699" lon="20.50643"/><trkpt lat="40.706962" lon="20.506328"/><trkpt lat="40.706916" lon="20.50623"/><trkpt lat="40.70685" lon="20.506158"/><trkpt lat="40.706783" lon="20.506117"/><trkpt lat="40.706699" lon="20.506102"/><trkpt lat="40.706625" lon="20.506112"/><trkpt lat="40.706542" lon="20.506143"/><trkpt lat="40.70643" lon="20.506218"/><trkpt lat="40.706127" lon="20.506488"/><trkpt lat="40.705982" lon="20.506583"/><trkpt lat="40.705841" lon="20.506612"/><trkpt lat="40.705691" lon="20.506593"/><trkpt lat="40.70557" lon="20.506498"/><trkpt lat="40.705463" lon="20.506336"/><trkpt lat="40.70516" lon="20.505772"/><trkpt lat="40.705051" lon="20.505525"/><trkpt lat="40.70498" lon="20.505327"/><trkpt lat="40.704922" lon="20.505113"/><trkpt lat="40.70487" lon="20.50488"/><trkpt lat="40.704834" lon="20.50468"/><trkpt lat="40.704817" lon="20.504477"/><trkpt lat="40.704823" lon="20.504212"/><trkpt lat="40.704843" lon="20.504008"/><trkpt lat="40.704881" lon="20.503834"/><trkpt lat="40.704943" lon="20.503615"/><trkpt lat="40.705055" lon="20.503005"/><trkpt lat="40.705102" lon="20.502822"/><trkpt lat="40.705167" lon="20.502617"/><trkpt lat="40.705229" lon="20.502489"/><trkpt lat="40.70531" lon="20.502348"/><trkpt lat="40.705725" lon="20.501758"/><trkpt lat="40.705942" lon="20.501419"/><trkpt lat="40.70606" lon="20.501296"/><trkpt lat="40.706377" lon="20.50104"/><trkpt lat="40.70645" lon="20.500954"/><trkpt lat="40.706509" lon="20.500865"/><trkpt lat="40.70656" lon="20.500754"/><trkpt lat="40.706706" lon="20.500343"/><trkpt lat="40.706733" lon="20.500209"/><trkpt lat="40.706748" lon="20.500079"/><trkpt lat="40.706763" lon="20.499382"/><trkpt lat="40.70676" lon="20.499265"/><trkpt lat="40.706629" lon="20.498411"/><trkpt lat="40.706624" lon="20.498251"/><trkpt lat="40.706635" lon="20.498133"/><trkpt lat="40.706665" lon="20.498023"/><trkpt lat="40.706935" lon="20.497259"/><trkpt lat="40.706958" lon="20.497126"/><trkpt lat="40.706964" lon="20.496984"/><trkpt lat="40.706961" lon="20.496867"/><trkpt lat="40.706913" lon="20.49643"/><trkpt lat="40.706915" lon="20.496047"/><trkpt lat="40.706947" lon="20.49589"/><trkpt lat="40.70698" lon="20.495825"/><trkpt lat="40.707031" lon="20.495756"/><trkpt lat="40.70732" lon="20.495794"/><trkpt lat="40.707463" lon="20.495825"/><trkpt lat="40.70777" lon="20.495932"/><trkpt lat="40.70818" lon="20.496036"/><trkpt lat="40.708582" lon="20.495944"/><trkpt lat="40.708806" lon="20.495975"/><trkpt lat="40.708937" lon="20.49595"/><trkpt lat="40.709049" lon="20.495821"/><trkpt lat="40.709081" lon="20.495667"/><trkpt lat="40.709044" lon="20.495544"/><trkpt lat="40.708937" lon="20.495415"/><trkpt lat="40.708773" lon="20.495102"/><trkpt lat="40.708782" lon="20.495096"/><trkpt lat="40.708623" lon="20.494751"/><trkpt lat="40.70854" lon="20.49445"/><trkpt lat="40.70854" lon="20.494246"/><trkpt lat="40.708582" lon="20.494099"/><trkpt lat="40.708731" lon="20.494062"/><trkpt lat="40.708959" lon="20.494056"/><trkpt lat="40.709132" lon="20.494136"/><trkpt lat="40.709323" lon="20.494136"/><trkpt lat="40.709505" lon="20.494068"/><trkpt lat="40.709869" lon="20.494006"/><trkpt lat="40.710607" lon="20.493939"/><trkpt lat="40.710677" lon="20.49389"/><trkpt lat="40.710746" lon="20.493853"/><trkpt lat="40.710942" lon="20.493539"/><trkpt lat="40.710989" lon="20.493416"/><trkpt lat="40.711022" lon="20.493163"/><trkpt lat="40.710984" lon="20.49288"/><trkpt lat="40.710835" lon="20.492603"/><trkpt lat="40.710383" lon="20.491896"/><trkpt lat="40.710126" lon="20.491132"/><trkpt lat="40.709898" lon="20.490603"/><trkpt lat="40.709474" lon="20.490381"/><trkpt lat="40.709045" lon="20.489981"/><trkpt lat="40.70876" lon="20.489772"/><trkpt lat="40.707963" lon="20.489722"/><trkpt lat="40.707678" lon="20.489624"/><trkpt lat="40.707589" lon="20.489519"/><trkpt lat="40.707468" lon="20.489187"/><trkpt lat="40.707445" lon="20.488664"/><trkpt lat="40.707439" lon="20.487988"/><trkpt lat="40.70749" lon="20.487576"/><trkpt lat="40.707454" lon="20.486957"/><trkpt lat="40.707534" lon="20.486526"/><trkpt lat="40.707524" lon="20.485948"/><trkpt lat="40.707399" lon="20.485369"/><trkpt lat="40.707118" lon="20.484714"/><trkpt lat="40.706955" lon="20.484413"/><trkpt lat="40.706684" lon="20.484111"/><trkpt lat="40.706432" lon="20.483945"/><trkpt lat="40.706021" lon="20.483809"/><trkpt lat="40.705628" lon="20.483777"/><trkpt lat="40.705359" lon="20.483926"/><trkpt lat="40.705149" lon="20.483969"/><trkpt lat="40.704873" lon="20.484012"/><trkpt lat="40.70478" lon="20.48395"/><trkpt lat="40.704723" lon="20.483885"/><trkpt lat="40.704531" lon="20.483298"/><trkpt lat="40.704434" lon="20.483126"/><trkpt lat="40.704279" lon="20.482941"/><trkpt lat="40.703974" lon="20.48269"/><trkpt lat="40.703571" lon="20.482147"/><trkpt lat="40.703321" lon="20.481878"/><trkpt lat="40.703071" lon="20.481728"/><trkpt lat="40.702954" lon="20.481638"/><trkpt lat="40.702887" lon="20.481559"/><trkpt lat="40.702813" lon="20.481438"/><trkpt lat="40.702722" lon="20.48123"/><trkpt lat="40.702629" lon="20.481074"/><trkpt lat="40.702502" lon="20.480935"/><trkpt lat="40.702391" lon="20.480849"/><trkpt lat="40.702242" lon="20.480771"/><trkpt lat="40.701952" lon="20.480661"/><trkpt lat="40.701485" lon="20.480533"/><trkpt lat="40.701005" lon="20.480385"/><trkpt lat="40.7007" lon="20.480257"/><trkpt lat="40.700591" lon="20.480151"/><trkpt lat="40.700364" lon="20.479895"/><trkpt lat="40.700217" lon="20.479643"/><trkpt lat="40.700075" lon="20.479235"/><trkpt lat="40.699932" lon="20.478695"/><trkpt lat="40.699848" lon="20.478491"/><trkpt lat="40.699516" lon="20.47814"/><trkpt lat="40.699283" lon="20.477883"/><trkpt lat="40.698996" lon="20.477609"/><trkpt lat="40.698476" lon="20.477369"/><trkpt lat="40.698337" lon="20.477274"/><trkpt lat="40.698249" lon="20.477172"/><trkpt lat="40.698173" lon="20.477026"/><trkpt lat="40.698131" lon="20.47683"/><trkpt lat="40.698072" lon="20.47644"/><trkpt lat="40.698" lon="20.47586"/><trkpt lat="40.697862" lon="20.474942"/><trkpt lat="40.697854" lon="20.474817"/><trkpt lat="40.697869" lon="20.47468"/><trkpt lat="40.697965" lon="20.474465"/><trkpt lat="40.698107" lon="20.474329"/><trkpt lat="40.698212" lon="20.474292"/><trkpt lat="40.698538" lon="20.47431"/><trkpt lat="40.69885" lon="20.474343"/><trkpt lat="40.699056" lon="20.47428"/><trkpt lat="40.699357" lon="20.474175"/><trkpt lat="40.699491" lon="20.474138"/><trkpt lat="40.699643" lon="20.474072"/><trkpt lat="40.699841" lon="20.473883"/><trkpt lat="40.699993" lon="20.473645"/><trkpt lat="40.700025" lon="20.473518"/><trkpt lat="40.700039" lon="20.473271"/><trkpt lat="40.700008" lon="20.473048"/><trkpt lat="40.699883" lon="20.472542"/><trkpt lat="40.6998" lon="20.472411"/><trkpt lat="40.699655" lon="20.472288"/><trkpt lat="40.699522" lon="20.472191"/><trkpt lat="40.699426" lon="20.472104"/><trkpt lat="40.699392" lon="20.47201"/><trkpt lat="40.699401" lon="20.471798"/><trkpt lat="40.699448" lon="20.471563"/><trkpt lat="40.699508" lon="20.47142"/><trkpt lat="40.69969" lon="20.47123"/><trkpt lat="40.699918" lon="20.471024"/><trkpt lat="40.700001" lon="20.470885"/><trkpt lat="40.700078" lon="20.470677"/><trkpt lat="40.700162" lon="20.470412"/><trkpt lat="40.700213" lon="20.470225"/><trkpt lat="40.700291" lon="20.4697"/><trkpt lat="40.700302" lon="20.469439"/><trkpt lat="40.700294" lon="20.469342"/><trkpt lat="40.700304" lon="20.469139"/><trkpt lat="40.700353" lon="20.469018"/><trkpt lat="40.700374" lon="20.468939"/><trkpt lat="40.700351" lon="20.468758"/><trkpt lat="40.700302" lon="20.468656"/><trkpt lat="40.700237" lon="20.468613"/><trkpt lat="40.700016" lon="20.468567"/><trkpt lat="40.699914" lon="20.468516"/><trkpt lat="40.699878" lon="20.468438"/><trkpt lat="40.699744" lon="20.467881"/><trkpt lat="40.699675" lon="20.467531"/><trkpt lat="40.699566" lon="20.467386"/><trkpt lat="40.699384" lon="20.467217"/><trkpt lat="40.699093" lon="20.466874"/><trkpt lat="40.698781" lon="20.466546"/><trkpt lat="40.698576" lon="20.46628"/><trkpt lat="40.698406" lon="20.465929"/><trkpt lat="40.698276" lon="20.465768"/><trkpt lat="40.698173" lon="20.465623"/><trkpt lat="40.69814" lon="20.46554"/><trkpt lat="40.698136" lon="20.465449"/><trkpt lat="40.698146" lon="20.465254"/><trkpt lat="40.698185" lon="20.465144"/><trkpt lat="40.698335" lon="20.46491"/><trkpt lat="40.698445" lon="20.464714"/><trkpt lat="40.698702" lon="20.464444"/><trkpt lat="40.699016" lon="20.464313"/><trkpt lat="40.699078" lon="20.46428"/><trkpt lat="40.699418" lon="20.46397"/><trkpt lat="40.699483" lon="20.463887"/><trkpt lat="40.699646" lon="20.463755"/><trkpt lat="40.699711" lon="20.463667"/><trkpt lat="40.69976" lon="20.463492"/><trkpt lat="40.699764" lon="20.46342"/><trkpt lat="40.69976" lon="20.463348"/><trkpt lat="40.699724" lon="20.463064"/><trkpt lat="40.699718" lon="20.462828"/><trkpt lat="40.69974" lon="20.462533"/><trkpt lat="40.699753" lon="20.46218"/><trkpt lat="40.699823" lon="20.461865"/><trkpt lat="40.699859" lon="20.461643"/><trkpt lat="40.699923" lon="20.461332"/><trkpt lat="40.699988" lon="20.461168"/><trkpt lat="40.700077" lon="20.460986"/><trkpt lat="40.700153" lon="20.460812"/><trkpt lat="40.70023" lon="20.460608"/><trkpt lat="40.700245" lon="20.460485"/><trkpt lat="40.700224" lon="20.460362"/><trkpt lat="40.700182" lon="20.460254"/><trkpt lat="40.7001" lon="20.460113"/><trkpt lat="40.70002" lon="20.459914"/><trkpt lat="40.69993" lon="20.459632"/><trkpt lat="40.699892" lon="20.459464"/><trkpt lat="40.69985" lon="20.459388"/><trkpt lat="40.699787" lon="20.459356"/><trkpt lat="40.699679" lon="20.459363"/><trkpt lat="40.699509" lon="20.459255"/><trkpt lat="40.699232" lon="20.459049"/><trkpt lat="40.699138" lon="20.458917"/><trkpt lat="40.699072" lon="20.458708"/><trkpt lat="40.69902" lon="20.458606"/><trkpt lat="40.69894" lon="20.45855"/><trkpt lat="40.698831" lon="20.458487"/><trkpt lat="40.698776" lon="20.458429"/><trkpt lat="40.698729" lon="20.458351"/><trkpt lat="40.698731" lon="20.458268"/><trkpt lat="40.698747" lon="20.458086"/><trkpt lat="40.698801" lon="20.457739"/><trkpt lat="40.698854" lon="20.45767"/><trkpt lat="40.698929" lon="20.457589"/><trkpt lat="40.699027" lon="20.457509"/><trkpt lat="40.699069" lon="20.457448"/><trkpt lat="40.699086" lon="20.457401"/><trkpt lat="40.699092" lon="20.45731"/><trkpt lat="40.699092" lon="20.457152"/><trkpt lat="40.699043" lon="20.456882"/><trkpt lat="40.699006" lon="20.456755"/><trkpt lat="40.698951" lon="20.456597"/><trkpt lat="40.698841" lon="20.456483"/><trkpt lat="40.698771" lon="20.45627"/><trkpt lat="40.698755" lon="20.456098"/><trkpt lat="40.698802" lon="20.455937"/><trkpt lat="40.698834" lon="20.455872"/><trkpt lat="40.698896" lon="20.455805"/><trkpt lat="40.698992" lon="20.455733"/><trkpt lat="40.699192" lon="20.4557"/><trkpt lat="40.69944" lon="20.455675"/><trkpt lat="40.699485" lon="20.45566"/><trkpt lat="40.699694" lon="20.455517"/><trkpt lat="40.699869" lon="20.45541"/><trkpt lat="40.699934" lon="20.455325"/><trkpt lat="40.69998" lon="20.455208"/><trkpt lat="40.699983" lon="20.455142"/><trkpt lat="40.699955" lon="20.455036"/><trkpt lat="40.699937" lon="20.455014"/><trkpt lat="40.699875" lon="20.45497"/><trkpt lat="40.699837" lon="20.454967"/><trkpt lat="40.6998" lon="20.45497"/><trkpt lat="40.699667" lon="20.455056"/><trkpt lat="40.699551" lon="20.455132"/><trkpt lat="40.69928" lon="20.455218"/><trkpt lat="40.699109" lon="20.455242"/><trkpt lat="40.699063" lon="20.455234"/><trkpt lat="40.699018" lon="20.455192"/><trkpt lat="40.699017" lon="20.455114"/><trkpt lat="40.699063" lon="20.455037"/><trkpt lat="40.699219" lon="20.454884"/><trkpt lat="40.69934" lon="20.454788"/><trkpt lat="40.699415" lon="20.454683"/><trkpt lat="40.699458" lon="20.454535"/><trkpt lat="40.699463" lon="20.454307"/><trkpt lat="40.699356" lon="20.453996"/><trkpt lat="40.699227" lon="20.453582"/><trkpt lat="40.699192" lon="20.453344"/><trkpt lat="40.699172" lon="20.452993"/><trkpt lat="40.699141" lon="20.45293"/><trkpt lat="40.699092" lon="20.452904"/><trkpt lat="40.699029" lon="20.452914"/><trkpt lat="40.698975" lon="20.452955"/><trkpt lat="40.698954" lon="20.453012"/><trkpt lat="40.698944" lon="20.453081"/><trkpt lat="40.698944" lon="20.453178"/><trkpt lat="40.698998" lon="20.453429"/><trkpt lat="40.69901" lon="20.453603"/><trkpt lat="40.698997" lon="20.453847"/><trkpt lat="40.699029" lon="20.454046"/><trkpt lat="40.699059" lon="20.454168"/><trkpt lat="40.69905" lon="20.454238"/><trkpt lat="40.699011" lon="20.454307"/><trkpt lat="40.698959" lon="20.454344"/><trkpt lat="40.698901" lon="20.454348"/><trkpt lat="40.698873" lon="20.45433"/><trkpt lat="40.698847" lon="20.454269"/><trkpt lat="40.698824" lon="20.453931"/><trkpt lat="40.698791" lon="20.453561"/><trkpt lat="40.698582" lon="20.453063"/><trkpt lat="40.698524" lon="20.452873"/><trkpt lat="40.698406" lon="20.452553"/><trkpt lat="40.698363" lon="20.452484"/><trkpt lat="40.698281" lon="20.452432"/><trkpt lat="40.698206" lon="20.452497"/><trkpt lat="40.698173" lon="20.452575"/><trkpt lat="40.698304" lon="20.453102"/><trkpt lat="40.698356" lon="20.453353"/><trkpt lat="40.698433" lon="20.453622"/><trkpt lat="40.69842" lon="20.453697"/><trkpt lat="40.698347" lon="20.453778"/><trkpt lat="40.698292" lon="20.453738"/><trkpt lat="40.698273" lon="20.453671"/><trkpt lat="40.698219" lon="20.453325"/><trkpt lat="40.697973" lon="20.452709"/><trkpt lat="40.697891" lon="20.452575"/><trkpt lat="40.697779" lon="20.452341"/><trkpt lat="40.697724" lon="20.45212"/><trkpt lat="40.697672" lon="20.451701"/><trkpt lat="40.697623" lon="20.451476"/><trkpt lat="40.697577" lon="20.451368"/><trkpt lat="40.697524" lon="20.45129"/><trkpt lat="40.697436" lon="20.45123"/><trkpt lat="40.697318" lon="20.451191"/><trkpt lat="40.697173" lon="20.451199"/><trkpt lat="40.696973" lon="20.451264"/><trkpt lat="40.696895" lon="20.451338"/><trkpt lat="40.696796" lon="20.451519"/><trkpt lat="40.696773" lon="20.451602"/><trkpt lat="40.696797" lon="20.451787"/><trkpt lat="40.696835" lon="20.451856"/><trkpt lat="40.696884" lon="20.45189"/><trkpt lat="40.69695" lon="20.451918"/><trkpt lat="40.697066" lon="20.451959"/><trkpt lat="40.697135" lon="20.451971"/><trkpt lat="40.697169" lon="20.452021"/><trkpt lat="40.697199" lon="20.452099"/><trkpt lat="40.697199" lon="20.452198"/><trkpt lat="40.697163" lon="20.452248"/><trkpt lat="40.697115" lon="20.452289"/><trkpt lat="40.697082" lon="20.452299"/><trkpt lat="40.697021" lon="20.452284"/><trkpt lat="40.696939" lon="20.45222"/><trkpt lat="40.696862" lon="20.452099"/><trkpt lat="40.696714" lon="20.451917"/><trkpt lat="40.696407" lon="20.451712"/><trkpt lat="40.69627" lon="20.451639"/><trkpt lat="40.695771" lon="20.451479"/><trkpt lat="40.695591" lon="20.451428"/><trkpt lat="40.695447" lon="20.451363"/><trkpt lat="40.695364" lon="20.451263"/><trkpt lat="40.695351" lon="20.451235"/><trkpt lat="40.695304" lon="20.451038"/><trkpt lat="40.69529" lon="20.450833"/><trkpt lat="40.695314" lon="20.450758"/><trkpt lat="40.695366" lon="20.450719"/><trkpt lat="40.695498" lon="20.450662"/><trkpt lat="40.695746" lon="20.450597"/><trkpt lat="40.696118" lon="20.450447"/><trkpt lat="40.696167" lon="20.450372"/><trkpt lat="40.696182" lon="20.450297"/><trkpt lat="40.696154" lon="20.450232"/><trkpt lat="40.69611" lon="20.450212"/><trkpt lat="40.696061" lon="20.450209"/><trkpt lat="40.69599" lon="20.450237"/><trkpt lat="40.695808" lon="20.450342"/><trkpt lat="40.695671" lon="20.450383"/><trkpt lat="40.695531" lon="20.45036"/><trkpt lat="40.695349" lon="20.450247"/><trkpt lat="40.695206" lon="20.450226"/><trkpt lat="40.695086" lon="20.450243"/><trkpt lat="40.694975" lon="20.450297"/><trkpt lat="40.694842" lon="20.450384"/><trkpt lat="40.694775" lon="20.450459"/><trkpt lat="40.69475" lon="20.450545"/><trkpt lat="40.694748" lon="20.450708"/><trkpt lat="40.694761" lon="20.450855"/><trkpt lat="40.69485" lon="20.451217"/><trkpt lat="40.694948" lon="20.45149"/><trkpt lat="40.694949" lon="20.45153"/><trkpt lat="40.694937" lon="20.45158"/><trkpt lat="40.694897" lon="20.45166"/><trkpt lat="40.694829" lon="20.451692"/><trkpt lat="40.694768" lon="20.451664"/><trkpt lat="40.694742" lon="20.451623"/><trkpt lat="40.694691" lon="20.451116"/><trkpt lat="40.694651" lon="20.450987"/><trkpt lat="40.6946" lon="20.450916"/><trkpt lat="40.694519" lon="20.450865"/><trkpt lat="40.694276" lon="20.450813"/><trkpt lat="40.694221" lon="20.450784"/><trkpt lat="40.694155" lon="20.450715"/><trkpt lat="40.694113" lon="20.450621"/><trkpt lat="40.694098" lon="20.45046"/><trkpt lat="40.694113" lon="20.450322"/><trkpt lat="40.694186" lon="20.450144"/><trkpt lat="40.69442" lon="20.449904"/><trkpt lat="40.694487" lon="20.449855"/><trkpt lat="40.694787" lon="20.449736"/><trkpt lat="40.695546" lon="20.449482"/><trkpt lat="40.696079" lon="20.449282"/><trkpt lat="40.696283" lon="20.44908"/><trkpt lat="40.696372" lon="20.448939"/><trkpt lat="40.696408" lon="20.448846"/><trkpt lat="40.696447" lon="20.448692"/><trkpt lat="40.696431" lon="20.448549"/><trkpt lat="40.696354" lon="20.448454"/><trkpt lat="40.696288" lon="20.448433"/><trkpt lat="40.695751" lon="20.448436"/><trkpt lat="40.695305" lon="20.448474"/><trkpt lat="40.695175" lon="20.448512"/><trkpt lat="40.695114" lon="20.448515"/><trkpt lat="40.69497" lon="20.44854"/><trkpt lat="40.694774" lon="20.44853"/><trkpt lat="40.694566" lon="20.448434"/><trkpt lat="40.694416" lon="20.448356"/><trkpt lat="40.694183" lon="20.448286"/><trkpt lat="40.69408" lon="20.448293"/><trkpt lat="40.693935" lon="20.44835"/><trkpt lat="40.693773" lon="20.448481"/><trkpt lat="40.693572" lon="20.448619"/><trkpt lat="40.69347" lon="20.448614"/><trkpt lat="40.693421" lon="20.448539"/><trkpt lat="40.693399" lon="20.44845"/><trkpt lat="40.69341" lon="20.448361"/><trkpt lat="40.693436" lon="20.448271"/><trkpt lat="40.693497" lon="20.448226"/><trkpt lat="40.693831" lon="20.448188"/><trkpt lat="40.693911" lon="20.448138"/><trkpt lat="40.694161" lon="20.447917"/><trkpt lat="40.694301" lon="20.447855"/><trkpt lat="40.694904" lon="20.447757"/><trkpt lat="40.695167" lon="20.447727"/><trkpt lat="40.695461" lon="20.447648"/><trkpt lat="40.695687" lon="20.447558"/><trkpt lat="40.695954" lon="20.447305"/><trkpt lat="40.696366" lon="20.446545"/><trkpt lat="40.696716" lon="20.446163"/><trkpt lat="40.697187" lon="20.445805"/><trkpt lat="40.697469" lon="20.44555"/><trkpt lat="40.697514" lon="20.44546"/><trkpt lat="40.697529" lon="20.445346"/><trkpt lat="40.697473" lon="20.445247"/><trkpt lat="40.697349" lon="20.445103"/><trkpt lat="40.697123" lon="20.444869"/><trkpt lat="40.696908" lon="20.444551"/><trkpt lat="40.696712" lon="20.444189"/><trkpt lat="40.696626" lon="20.444"/><trkpt lat="40.696618" lon="20.443881"/><trkpt lat="40.696678" lon="20.443771"/><trkpt lat="40.696791" lon="20.443712"/><trkpt lat="40.696852" lon="20.443714"/><trkpt lat="40.696908" lon="20.443737"/><trkpt lat="40.696987" lon="20.443891"/><trkpt lat="40.697157" lon="20.444159"/><trkpt lat="40.69727" lon="20.444288"/><trkpt lat="40.697371" lon="20.444308"/><trkpt lat="40.697526" lon="20.444273"/><trkpt lat="40.697718" lon="20.444189"/><trkpt lat="40.697917" lon="20.444079"/><trkpt lat="40.698045" lon="20.443965"/><trkpt lat="40.698181" lon="20.443806"/><trkpt lat="40.698476" lon="20.44338"/><trkpt lat="40.698708" lon="20.443006"/><trkpt lat="40.699243" lon="20.442241"/><trkpt lat="40.699559" lon="20.441938"/><trkpt lat="40.699645" lon="20.441804"/><trkpt lat="40.699653" lon="20.441675"/><trkpt lat="40.699638" lon="20.441575"/><trkpt lat="40.699596" lon="20.441516"/><trkpt lat="40.699514" lon="20.441473"/><trkpt lat="40.699438" lon="20.441465"/><trkpt lat="40.699291" lon="20.44151"/><trkpt lat="40.698698" lon="20.44182"/><trkpt lat="40.698608" lon="20.441859"/><trkpt lat="40.698476" lon="20.441884"/><trkpt lat="40.698341" lon="20.441874"/><trkpt lat="40.698145" lon="20.441825"/><trkpt lat="40.697358" lon="20.441591"/><trkpt lat="40.696961" lon="20.441532"/><trkpt lat="40.696825" lon="20.441569"/><trkpt lat="40.696644" lon="20.441704"/><trkpt lat="40.696585" lon="20.441872"/><trkpt lat="40.69653" lon="20.442101"/><trkpt lat="40.696481" lon="20.442266"/><trkpt lat="40.69642" lon="20.442326"/><trkpt lat="40.696336" lon="20.442342"/><trkpt lat="40.696218" lon="20.442285"/><trkpt lat="40.696184" lon="20.442183"/><trkpt lat="40.696192" lon="20.442068"/><trkpt lat="40.696406" lon="20.441681"/><trkpt lat="40.696516" lon="20.441516"/><trkpt lat="40.696873" lon="20.441333"/><trkpt lat="40.697099" lon="20.441179"/><trkpt lat="40.697268" lon="20.44097"/><trkpt lat="40.697719" lon="20.440256"/><trkpt lat="40.697865" lon="20.440061"/><trkpt lat="40.698157" lon="20.439595"/><trkpt lat="40.698283" lon="20.439486"/><trkpt lat="40.698445" lon="20.439438"/><trkpt lat="40.698859" lon="20.439369"/><trkpt lat="40.69894" lon="20.439327"/><trkpt lat="40.698997" lon="20.439252"/><trkpt lat="40.699045" lon="20.439162"/><trkpt lat="40.699078" lon="20.439056"/><trkpt lat="40.699101" lon="20.438837"/><trkpt lat="40.699106" lon="20.438714"/><trkpt lat="40.699095" lon="20.438205"/><trkpt lat="40.699081" lon="20.438111"/><trkpt lat="40.699058" lon="20.438045"/><trkpt lat="40.699022" lon="20.437982"/><trkpt lat="40.698956" lon="20.437924"/><trkpt lat="40.698858" lon="20.437876"/><trkpt lat="40.698443" lon="20.437727"/><trkpt lat="40.698391" lon="20.437686"/><trkpt lat="40.698355" lon="20.437617"/><trkpt lat="40.698333" lon="20.437524"/><trkpt lat="40.698337" lon="20.437396"/><trkpt lat="40.69835" lon="20.437301"/><trkpt lat="40.698378" lon="20.437202"/><trkpt lat="40.698496" lon="20.437115"/><trkpt lat="40.698588" lon="20.436994"/><trkpt lat="40.698639" lon="20.436825"/><trkpt lat="40.698665" lon="20.436682"/><trkpt lat="40.698689" lon="20.436442"/><trkpt lat="40.698714" lon="20.436328"/><trkpt lat="40.698755" lon="20.43622"/><trkpt lat="40.698864" lon="20.436063"/><trkpt lat="40.699033" lon="20.435918"/><trkpt lat="40.699167" lon="20.435789"/><trkpt lat="40.699185" lon="20.435705"/><trkpt lat="40.699184" lon="20.435614"/><trkpt lat="40.699162" lon="20.435476"/><trkpt lat="40.699131" lon="20.435406"/><trkpt lat="40.699087" lon="20.435352"/><trkpt lat="40.699016" lon="20.435313"/><trkpt lat="40.698765" lon="20.435314"/><trkpt lat="40.698653" lon="20.435286"/><trkpt lat="40.698575" lon="20.435231"/><trkpt lat="40.698534" lon="20.43518"/><trkpt lat="40.698519" lon="20.435134"/><trkpt lat="40.698535" lon="20.435039"/><trkpt lat="40.698622" lon="20.434831"/><trkpt lat="40.698681" lon="20.434648"/><trkpt lat="40.698825" lon="20.433971"/><trkpt lat="40.698897" lon="20.433712"/><trkpt lat="40.698989" lon="20.433422"/><trkpt lat="40.699093" lon="20.433169"/><trkpt lat="40.699166" lon="20.433028"/><trkpt lat="40.699286" lon="20.432849"/><trkpt lat="40.699415" lon="20.432694"/><trkpt lat="40.699438" lon="20.432597"/><trkpt lat="40.699453" lon="20.432489"/><trkpt lat="40.699466" lon="20.432265"/><trkpt lat="40.699498" lon="20.432121"/><trkpt lat="40.699545" lon="20.432064"/><trkpt lat="40.699622" lon="20.431944"/><trkpt lat="40.699689" lon="20.431923"/><trkpt lat="40.699876" lon="20.431934"/><trkpt lat="40.700028" lon="20.431892"/><trkpt lat="40.700117" lon="20.431821"/><trkpt lat="40.700231" lon="20.431745"/><trkpt lat="40.700295" lon="20.431724"/><trkpt lat="40.700432" lon="20.431731"/><trkpt lat="40.70058" lon="20.431727"/><trkpt lat="40.700642" lon="20.431703"/><trkpt lat="40.700712" lon="20.431616"/><trkpt lat="40.700748" lon="20.431483"/><trkpt lat="40.700788" lon="20.431263"/><trkpt lat="40.700834" lon="20.431133"/><trkpt lat="40.701035" lon="20.430915"/><trkpt lat="40.701151" lon="20.430755"/><trkpt lat="40.701302" lon="20.430513"/><trkpt lat="40.701441" lon="20.43045"/><trkpt lat="40.701557" lon="20.430414"/><trkpt lat="40.701736" lon="20.430272"/><trkpt lat="40.701947" lon="20.429925"/><trkpt lat="40.702236" lon="20.429358"/><trkpt lat="40.702359" lon="20.429211"/><trkpt lat="40.7025" lon="20.42892"/><trkpt lat="40.702578" lon="20.428764"/><trkpt lat="40.702582" lon="20.428677"/><trkpt lat="40.702558" lon="20.428611"/><trkpt lat="40.702485" lon="20.42853"/><trkpt lat="40.702338" lon="20.428417"/><trkpt lat="40.7023" lon="20.42835"/><trkpt lat="40.70227" lon="20.428259"/><trkpt lat="40.702253" lon="20.428052"/><trkpt lat="40.702255" lon="20.427888"/><trkpt lat="40.702296" lon="20.427757"/><trkpt lat="40.702409" lon="20.427651"/><trkpt lat="40.702488" lon="20.427605"/><trkpt lat="40.702734" lon="20.427534"/><trkpt lat="40.702808" lon="20.427502"/><trkpt lat="40.702923" lon="20.427316"/><trkpt lat="40.70338" lon="20.426689"/><trkpt lat="40.703672" lon="20.42621"/><trkpt lat="40.703803" lon="20.425857"/><trkpt lat="40.703969" lon="20.425163"/><trkpt lat="40.704261" lon="20.424741"/><trkpt lat="40.704908" lon="20.424305"/><trkpt lat="40.705013" lon="20.424271"/><trkpt lat="40.705131" lon="20.424254"/><trkpt lat="40.705315" lon="20.424289"/><trkpt lat="40.70543" lon="20.42424"/><trkpt lat="40.705582" lon="20.424106"/><trkpt lat="40.705661" lon="20.424014"/><trkpt lat="40.705695" lon="20.423888"/><trkpt lat="40.705725" lon="20.423661"/><trkpt lat="40.705914" lon="20.423221"/><trkpt lat="40.706141" lon="20.422525"/><trkpt lat="40.706335" lon="20.422216"/><trkpt lat="40.706384" lon="20.422057"/><trkpt lat="40.706426" lon="20.421708"/><trkpt lat="40.706444" lon="20.42144"/><trkpt lat="40.706426" lon="20.421308"/><trkpt lat="40.706281" lon="20.420781"/><trkpt lat="40.70622" lon="20.42058"/><trkpt lat="40.706198" lon="20.420428"/><trkpt lat="40.706197" lon="20.420191"/><trkpt lat="40.706222" lon="20.419326"/><trkpt lat="40.706237" lon="20.419124"/><trkpt lat="40.706322" lon="20.418443"/><trkpt lat="40.706414" lon="20.418062"/><trkpt lat="40.706535" lon="20.417704"/><trkpt lat="40.706555" lon="20.417621"/><trkpt lat="40.706551" lon="20.417501"/><trkpt lat="40.706443" lon="20.416908"/><trkpt lat="40.706458" lon="20.416638"/><trkpt lat="40.706575" lon="20.416028"/><trkpt lat="40.706743" lon="20.415662"/><trkpt lat="40.706907" lon="20.415434"/><trkpt lat="40.707239" lon="20.415056"/><trkpt lat="40.707569" lon="20.414463"/><trkpt lat="40.707696" lon="20.414346"/><trkpt lat="40.707918" lon="20.414115"/><trkpt lat="40.707996" lon="20.4139"/><trkpt lat="40.708076" lon="20.413639"/><trkpt lat="40.708308" lon="20.413306"/><trkpt lat="40.708358" lon="20.413176"/><trkpt lat="40.708385" lon="20.412869"/><trkpt lat="40.708445" lon="20.412683"/><trkpt lat="40.70852" lon="20.412589"/><trkpt lat="40.708629" lon="20.412393"/><trkpt lat="40.708679" lon="20.412335"/><trkpt lat="40.708711" lon="20.412229"/><trkpt lat="40.708661" lon="20.411829"/><trkpt lat="40.7087" lon="20.411314"/><trkpt lat="40.708818" lon="20.410594"/><trkpt lat="40.708786" lon="20.410028"/><trkpt lat="40.708684" lon="20.409409"/><trkpt lat="40.708707" lon="20.409214"/><trkpt lat="40.708774" lon="20.40904"/><trkpt lat="40.708979" lon="20.408772"/><trkpt lat="40.709029" lon="20.408651"/><trkpt lat="40.709046" lon="20.408509"/><trkpt lat="40.709042" lon="20.408417"/><trkpt lat="40.709016" lon="20.408312"/><trkpt lat="40.708972" lon="20.40823"/><trkpt lat="40.708875" lon="20.408078"/><trkpt lat="40.708818" lon="20.407964"/><trkpt lat="40.70877" lon="20.407847"/><trkpt lat="40.708633" lon="20.407184"/><trkpt lat="40.708338" lon="20.406389"/><trkpt lat="40.708212" lon="20.406114"/><trkpt lat="40.707942" lon="20.405729"/><trkpt lat="40.707563" lon="20.405091"/><trkpt lat="40.707525" lon="20.405015"/><trkpt lat="40.707407" lon="20.404404"/><trkpt lat="40.707382" lon="20.403725"/><trkpt lat="40.707357" lon="20.403567"/><trkpt lat="40.707214" lon="20.403147"/><trkpt lat="40.707126" lon="20.402959"/><trkpt lat="40.706891" lon="20.402647"/><trkpt lat="40.706744" lon="20.402362"/><trkpt lat="40.706683" lon="20.402183"/><trkpt lat="40.70668" lon="20.401989"/><trkpt lat="40.706656" lon="20.401794"/><trkpt lat="40.706592" lon="20.401603"/><trkpt lat="40.706445" lon="20.401206"/><trkpt lat="40.706411" lon="20.401024"/><trkpt lat="40.706386" lon="20.400522"/><trkpt lat="40.706304" lon="20.400043"/><trkpt lat="40.706279" lon="20.399449"/><trkpt lat="40.706285" lon="20.399315"/><trkpt lat="40.706225" lon="20.399172"/><trkpt lat="40.706025" lon="20.398802"/><trkpt lat="40.705848" lon="20.398339"/><trkpt lat="40.705793" lon="20.398103"/><trkpt lat="40.70574" lon="20.397821"/><trkpt lat="40.705658" lon="20.397526"/><trkpt lat="40.705622" lon="20.397257"/><trkpt lat="40.705612" lon="20.397103"/><trkpt lat="40.705617" lon="20.396977"/><trkpt lat="40.705649" lon="20.396862"/><trkpt lat="40.705854" lon="20.396384"/><trkpt lat="40.705925" lon="20.396252"/><trkpt lat="40.705982" lon="20.396091"/><trkpt lat="40.705977" lon="20.395964"/><trkpt lat="40.705941" lon="20.395845"/><trkpt lat="40.705774" lon="20.395536"/><trkpt lat="40.705719" lon="20.395365"/><trkpt lat="40.705715" lon="20.395194"/><trkpt lat="40.705748" lon="20.395037"/><trkpt lat="40.705957" lon="20.394418"/><trkpt lat="40.70614" lon="20.394046"/><trkpt lat="40.706218" lon="20.39393"/><trkpt lat="40.706256" lon="20.393884"/><trkpt lat="40.706285" lon="20.393801"/><trkpt lat="40.706291" lon="20.393699"/><trkpt lat="40.706267" lon="20.393576"/><trkpt lat="40.706201" lon="20.393444"/><trkpt lat="40.70614" lon="20.393388"/><trkpt lat="40.706075" lon="20.39331"/><trkpt lat="40.705776" lon="20.392901"/><trkpt lat="40.70546" lon="20.392419"/><trkpt lat="40.705303" lon="20.392129"/><trkpt lat="40.705186" lon="20.391807"/><trkpt lat="40.705134" lon="20.391644"/><trkpt lat="40.705103" lon="20.391381"/><trkpt lat="40.705095" lon="20.391207"/><trkpt lat="40.705097" lon="20.391066"/><trkpt lat="40.705067" lon="20.390982"/><trkpt lat="40.705028" lon="20.390893"/><trkpt lat="40.704885" lon="20.390633"/><trkpt lat="40.704621" lon="20.390182"/><trkpt lat="40.704506" lon="20.390025"/><trkpt lat="40.704117" lon="20.389387"/><trkpt lat="40.704027" lon="20.389216"/><trkpt lat="40.70391" lon="20.388925"/><trkpt lat="40.703794" lon="20.388532"/><trkpt lat="40.703751" lon="20.388418"/><trkpt lat="40.703624" lon="20.388165"/><trkpt lat="40.703583" lon="20.387997"/><trkpt lat="40.703534" lon="20.387677"/><trkpt lat="40.703509" lon="20.387228"/><trkpt lat="40.703515" lon="20.387035"/><trkpt lat="40.703595" lon="20.386659"/><trkpt lat="40.70368" lon="20.386443"/><trkpt lat="40.703807" lon="20.386201"/><trkpt lat="40.70399" lon="20.385686"/><trkpt lat="40.704096" lon="20.385281"/><trkpt lat="40.704129" lon="20.385063"/><trkpt lat="40.704136" lon="20.384891"/><trkpt lat="40.704151" lon="20.38471"/><trkpt lat="40.704234" lon="20.384495"/><trkpt lat="40.704322" lon="20.384347"/><trkpt lat="40.704397" lon="20.384282"/><trkpt lat="40.704466" lon="20.384242"/><trkpt lat="40.704651" lon="20.384017"/><trkpt lat="40.704693" lon="20.383935"/><trkpt lat="40.704748" lon="20.383861"/><trkpt lat="40.704784" lon="20.383796"/><trkpt lat="40.704841" lon="20.383741"/><trkpt lat="40.704911" lon="20.38369"/><trkpt lat="40.704991" lon="20.383645"/><trkpt lat="40.705058" lon="20.38362"/><trkpt lat="40.705255" lon="20.383593"/><trkpt lat="40.705409" lon="20.383525"/><trkpt lat="40.705547" lon="20.383413"/><trkpt lat="40.705683" lon="20.383322"/><trkpt lat="40.705853" lon="20.383189"/><trkpt lat="40.705929" lon="20.383165"/><trkpt lat="40.70599" lon="20.383171"/><trkpt lat="40.706069" lon="20.383142"/><trkpt lat="40.706152" lon="20.383092"/><trkpt lat="40.706355" lon="20.38283"/><trkpt lat="40.706468" lon="20.382736"/><trkpt lat="40.706508" lon="20.382686"/><trkpt lat="40.706543" lon="20.382621"/><trkpt lat="40.706609" lon="20.382405"/><trkpt lat="40.706694" lon="20.382163"/><trkpt lat="40.706781" lon="20.38189"/><trkpt lat="40.706855" lon="20.381779"/><trkpt lat="40.706952" lon="20.381571"/><trkpt lat="40.706982" lon="20.381441"/><trkpt lat="40.70701" lon="20.381278"/><trkpt lat="40.707035" lon="20.381052"/><trkpt lat="40.707057" lon="20.380607"/><trkpt lat="40.707031" lon="20.380463"/><trkpt lat="40.70699" lon="20.380288"/><trkpt lat="40.706968" lon="20.380144"/><trkpt lat="40.707" lon="20.379896"/><trkpt lat="40.707061" lon="20.379217"/><trkpt lat="40.707057" lon="20.378834"/><trkpt lat="40.707078" lon="20.378684"/><trkpt lat="40.707173" lon="20.378445"/><trkpt lat="40.707261" lon="20.3783"/><trkpt lat="40.707446" lon="20.378144"/><trkpt lat="40.707549" lon="20.378005"/><trkpt lat="40.707609" lon="20.377873"/><trkpt lat="40.707639" lon="20.377694"/><trkpt lat="40.707642" lon="20.377563"/><trkpt lat="40.707696" lon="20.377378"/><trkpt lat="40.707796" lon="20.377135"/><trkpt lat="40.707883" lon="20.376954"/><trkpt lat="40.707977" lon="20.376785"/><trkpt lat="40.708068" lon="20.376683"/><trkpt lat="40.708499" lon="20.37642"/><trkpt lat="40.708827" lon="20.376247"/><trkpt lat="40.708919" lon="20.376191"/><trkpt lat="40.709353" lon="20.37585"/><trkpt lat="40.709425" lon="20.375777"/><trkpt lat="40.709569" lon="20.375632"/><trkpt lat="40.709934" lon="20.375089"/><trkpt lat="40.710392" lon="20.374279"/><trkpt lat="40.71044" lon="20.374146"/><trkpt lat="40.710465" lon="20.37401"/><trkpt lat="40.71049" lon="20.373427"/><trkpt lat="40.710475" lon="20.373256"/><trkpt lat="40.710402" lon="20.373134"/><trkpt lat="40.709936" lon="20.372516"/><trkpt lat="40.709885" lon="20.372387"/><trkpt lat="40.709898" lon="20.372229"/><trkpt lat="40.710131" lon="20.371156"/><trkpt lat="40.710201" lon="20.370984"/><trkpt lat="40.710335" lon="20.370804"/><trkpt lat="40.710406" lon="20.370666"/><trkpt lat="40.710428" lon="20.370538"/><trkpt lat="40.710413" lon="20.370388"/><trkpt lat="40.710312" lon="20.370001"/><trkpt lat="40.710298" lon="20.369816"/><trkpt lat="40.71036" lon="20.369486"/><trkpt lat="40.710374" lon="20.369275"/><trkpt lat="40.710269" lon="20.368171"/><trkpt lat="40.710264" lon="20.367987"/><trkpt lat="40.710307" lon="20.367766"/><trkpt lat="40.710648" lon="20.367083"/><trkpt lat="40.710885" lon="20.366501"/><trkpt lat="40.710993" lon="20.366396"/><trkpt lat="40.711242" lon="20.366248"/><trkpt lat="40.71154" lon="20.366058"/><trkpt lat="40.711815" lon="20.365655"/><trkpt lat="40.711928" lon="20.36552"/><trkpt lat="40.712192" lon="20.36542"/><trkpt lat="40.712359" lon="20.365405"/><trkpt lat="40.712505" lon="20.365279"/><trkpt lat="40.712635" lon="20.365136"/><trkpt lat="40.712779" lon="20.364932"/><trkpt lat="40.71284" lon="20.364898"/><trkpt lat="40.712916" lon="20.364885"/><trkpt lat="40.71336" lon="20.365071"/><trkpt lat="40.713465" lon="20.365005"/><trkpt lat="40.713536" lon="20.364903"/><trkpt lat="40.713532" lon="20.36479"/><trkpt lat="40.713501" lon="20.364692"/><trkpt lat="40.713416" lon="20.364508"/><trkpt lat="40.71334" lon="20.364344"/><trkpt lat="40.713323" lon="20.364246"/><trkpt lat="40.713337" lon="20.364147"/><trkpt lat="40.713442" lon="20.36386"/><trkpt lat="40.713687" lon="20.363712"/><trkpt lat="40.713811" lon="20.363517"/><trkpt lat="40.71393" lon="20.363189"/><trkpt lat="40.713978" lon="20.362955"/><trkpt lat="40.714" lon="20.362752"/><trkpt lat="40.713999" lon="20.36243"/><trkpt lat="40.713982" lon="20.362133"/><trkpt lat="40.713891" lon="20.361671"/><trkpt lat="40.713892" lon="20.361522"/><trkpt lat="40.713927" lon="20.361434"/><trkpt lat="40.714017" lon="20.361388"/><trkpt lat="40.714095" lon="20.361403"/><trkpt lat="40.714511" lon="20.361637"/><trkpt lat="40.71464" lon="20.36154"/><trkpt lat="40.714671" lon="20.361459"/><trkpt lat="40.714675" lon="20.361282"/><trkpt lat="40.714651" lon="20.3612"/><trkpt lat="40.713852" lon="20.360307"/><trkpt lat="40.713769" lon="20.360257"/><trkpt lat="40.713728" lon="20.360185"/><trkpt lat="40.713695" lon="20.360068"/><trkpt lat="40.713703" lon="20.359933"/><trkpt lat="40.713816" lon="20.359259"/><trkpt lat="40.713805" lon="20.359052"/><trkpt lat="40.713696" lon="20.358838"/><trkpt lat="40.713088" lon="20.357556"/><trkpt lat="40.712705" lon="20.356661"/><trkpt lat="40.712587" lon="20.356364"/><trkpt lat="40.712354" lon="20.355318"/><trkpt lat="40.712377" lon="20.355001"/><trkpt lat="40.712415" lon="20.354745"/><trkpt lat="40.712431" lon="20.354596"/><trkpt lat="40.712393" lon="20.354036"/><trkpt lat="40.712309" lon="20.353745"/><trkpt lat="40.712225" lon="20.353418"/><trkpt lat="40.712209" lon="20.353262"/><trkpt lat="40.712211" lon="20.353081"/><trkpt lat="40.712309" lon="20.352703"/><trkpt lat="40.712713" lon="20.351799"/><trkpt lat="40.713284" lon="20.350451"/><trkpt lat="40.713506" lon="20.349829"/><trkpt lat="40.714085" lon="20.348359"/><trkpt lat="40.714238" lon="20.347919"/><trkpt lat="40.714351" lon="20.347619"/><trkpt lat="40.714438" lon="20.347431"/><trkpt lat="40.714476" lon="20.347304"/><trkpt lat="40.714536" lon="20.346951"/><trkpt lat="40.71457" lon="20.346691"/><trkpt lat="40.714631" lon="20.346516"/><trkpt lat="40.714713" lon="20.346205"/><trkpt lat="40.714818" lon="20.345942"/><trkpt lat="40.714894" lon="20.345606"/><trkpt lat="40.714926" lon="20.345324"/><trkpt lat="40.714977" lon="20.345161"/><trkpt lat="40.715117" lon="20.344842"/><trkpt lat="40.715186" lon="20.344649"/><trkpt lat="40.715285" lon="20.344469"/><trkpt lat="40.715528" lon="20.34416"/><trkpt lat="40.715717" lon="20.343884"/><trkpt lat="40.715922" lon="20.343523"/><trkpt lat="40.715993" lon="20.343398"/><trkpt lat="40.716065" lon="20.34331"/><trkpt lat="40.716209" lon="20.343158"/><trkpt lat="40.716317" lon="20.343063"/><trkpt lat="40.716435" lon="20.343009"/><trkpt lat="40.716734" lon="20.342923"/><trkpt lat="40.717047" lon="20.342854"/><trkpt lat="40.717317" lon="20.342769"/><trkpt lat="40.717551" lon="20.34268"/><trkpt lat="40.717665" lon="20.34265"/><trkpt lat="40.717764" lon="20.342639"/><trkpt lat="40.717843" lon="20.34262"/><trkpt lat="40.718228" lon="20.342435"/><trkpt lat="40.71834" lon="20.342373"/><trkpt lat="40.718485" lon="20.342314"/><trkpt lat="40.718627" lon="20.342276"/><trkpt lat="40.718779" lon="20.34229"/><trkpt lat="40.718881" lon="20.342282"/><trkpt lat="40.719056" lon="20.342232"/><trkpt lat="40.719345" lon="20.342179"/><trkpt lat="40.719486" lon="20.342163"/><trkpt lat="40.719742" lon="20.342148"/><trkpt lat="40.71985" lon="20.342156"/><trkpt lat="40.719942" lon="20.342152"/><trkpt lat="40.720577" lon="20.341967"/><trkpt lat="40.720807" lon="20.341909"/><trkpt lat="40.721188" lon="20.341779"/><trkpt lat="40.721817" lon="20.34167"/><trkpt lat="40.722377" lon="20.341595"/><trkpt lat="40.722635" lon="20.341517"/><trkpt lat="40.722806" lon="20.341452"/><trkpt lat="40.723129" lon="20.34126"/><trkpt lat="40.723356" lon="20.341142"/><trkpt lat="40.723639" lon="20.340975"/><trkpt lat="40.723913" lon="20.340868"/><trkpt lat="40.724115" lon="20.340762"/><trkpt lat="40.724301" lon="20.34068"/><trkpt lat="40.724451" lon="20.340563"/><trkpt lat="40.724587" lon="20.340436"/><trkpt lat="40.724952" lon="20.340144"/><trkpt lat="40.725127" lon="20.340015"/><trkpt lat="40.725335" lon="20.339908"/><trkpt lat="40.7255" lon="20.339836"/><trkpt lat="40.72576" lon="20.33968"/><trkpt lat="40.726016" lon="20.339422"/><trkpt lat="40.726458" lon="20.339097"/><trkpt lat="40.726698" lon="20.338934"/><trkpt lat="40.726868" lon="20.338846"/><trkpt lat="40.726972" lon="20.33878"/><trkpt lat="40.727112" lon="20.338735"/><trkpt lat="40.727508" lon="20.338552"/><trkpt lat="40.727735" lon="20.338501"/><trkpt lat="40.728118" lon="20.33834"/><trkpt lat="40.728213" lon="20.338338"/><trkpt lat="40.728326" lon="20.338305"/><trkpt lat="40.728461" lon="20.338245"/><trkpt lat="40.728684" lon="20.338116"/><trkpt lat="40.729001" lon="20.337973"/><trkpt lat="40.729113" lon="20.337905"/><trkpt lat="40.729384" lon="20.337783"/><trkpt lat="40.729717" lon="20.337538"/><trkpt lat="40.730037" lon="20.337265"/><trkpt lat="40.730346" lon="20.337049"/><trkpt lat="40.730399" lon="20.336977"/><trkpt lat="40.730458" lon="20.336922"/><trkpt lat="40.730489" lon="20.336881"/><trkpt lat="40.730619" lon="20.336765"/><trkpt lat="40.730723" lon="20.336627"/><trkpt lat="40.730795" lon="20.336507"/><trkpt lat="40.730895" lon="20.336372"/><trkpt lat="40.73104" lon="20.336196"/><trkpt lat="40.731477" lon="20.335482"/><trkpt lat="40.731624" lon="20.335278"/><trkpt lat="40.73217" lon="20.334734"/><trkpt lat="40.732478" lon="20.334555"/><trkpt lat="40.732789" lon="20.334402"/><trkpt lat="40.733094" lon="20.334239"/><trkpt lat="40.733462" lon="20.334105"/><trkpt lat="40.733714" lon="20.334003"/><trkpt lat="40.733826" lon="20.333949"/><trkpt lat="40.734034" lon="20.333799"/><trkpt lat="40.734113" lon="20.333761"/><trkpt lat="40.73421" lon="20.333675"/><trkpt lat="40.734377" lon="20.333378"/><trkpt lat="40.734434" lon="20.333313"/><trkpt lat="40.734498" lon="20.333225"/><trkpt lat="40.734535" lon="20.333145"/><trkpt lat="40.7347" lon="20.332896"/><trkpt lat="40.735031" lon="20.332623"/><trkpt lat="40.735229" lon="20.332491"/><trkpt lat="40.735375" lon="20.332453"/><trkpt lat="40.73548" lon="20.332437"/><trkpt lat="40.735648" lon="20.332429"/><trkpt lat="40.735972" lon="20.332553"/><trkpt lat="40.736143" lon="20.332606"/><trkpt lat="40.736631" lon="20.332716"/><trkpt lat="40.736752" lon="20.3328"/><trkpt lat="40.736832" lon="20.332887"/><trkpt lat="40.736965" lon="20.333076"/><trkpt lat="40.737131" lon="20.333248"/><trkpt lat="40.737237" lon="20.333295"/><trkpt lat="40.737314" lon="20.333357"/><trkpt lat="40.7374" lon="20.333394"/><trkpt lat="40.737497" lon="20.333455"/><trkpt lat="40.737641" lon="20.333567"/><trkpt lat="40.737765" lon="20.333633"/><trkpt lat="40.738013" lon="20.333688"/><trkpt lat="40.73811" lon="20.333687"/><trkpt lat="40.738303" lon="20.333649"/><trkpt lat="40.738416" lon="20.333706"/><trkpt lat="40.738488" lon="20.333822"/><trkpt lat="40.738537" lon="20.333878"/><trkpt lat="40.738644" lon="20.333907"/><trkpt lat="40.738836" lon="20.333922"/><trkpt lat="40.738935" lon="20.333959"/><trkpt lat="40.739021" lon="20.334012"/><trkpt lat="40.7393" lon="20.334305"/><trkpt lat="40.739372" lon="20.334365"/><trkpt lat="40.739469" lon="20.334408"/><trkpt lat="40.739584" lon="20.334423"/><trkpt lat="40.739694" lon="20.334465"/><trkpt lat="40.739843" lon="20.334596"/><trkpt lat="40.739998" lon="20.334708"/><trkpt lat="40.740139" lon="20.334792"/><trkpt lat="40.740366" lon="20.334846"/><trkpt lat="40.740846" lon="20.33502"/><trkpt lat="40.741048" lon="20.335039"/><trkpt lat="40.741459" lon="20.334977"/><trkpt lat="40.741713" lon="20.334894"/><trkpt lat="40.741982" lon="20.334749"/><trkpt lat="40.742529" lon="20.334508"/><trkpt lat="40.742674" lon="20.334424"/><trkpt lat="40.742734" lon="20.334402"/><trkpt lat="40.743003" lon="20.334253"/><trkpt lat="40.743165" lon="20.334179"/><trkpt lat="40.743396" lon="20.334173"/><trkpt lat="40.743487" lon="20.334179"/><trkpt lat="40.743906" lon="20.334128"/><trkpt lat="40.744116" lon="20.334195"/><trkpt lat="40.744178" lon="20.334238"/><trkpt lat="40.744377" lon="20.334328"/><trkpt lat="40.744438" lon="20.334344"/><trkpt lat="40.744507" lon="20.334346"/><trkpt lat="40.744724" lon="20.33443"/><trkpt lat="40.744869" lon="20.334504"/><trkpt lat="40.745337" lon="20.334715"/><trkpt lat="40.745504" lon="20.334799"/><trkpt lat="40.74567" lon="20.334817"/><trkpt lat="40.745818" lon="20.334817"/><trkpt lat="40.746133" lon="20.334844"/><trkpt lat="40.746249" lon="20.334847"/><trkpt lat="40.746369" lon="20.334864"/><trkpt lat="40.746556" lon="20.334855"/><trkpt lat="40.746809" lon="20.334806"/><trkpt lat="40.746871" lon="20.334808"/><trkpt lat="40.746911" lon="20.33483"/><trkpt lat="40.746944" lon="20.334853"/><trkpt lat="40.746981" lon="20.334866"/><trkpt lat="40.747084" lon="20.334887"/><trkpt lat="40.747181" lon="20.334888"/><trkpt lat="40.747253" lon="20.334841"/><trkpt lat="40.747347" lon="20.334728"/><trkpt lat="40.747392" lon="20.334668"/><trkpt lat="40.747441" lon="20.334624"/><trkpt lat="40.747868" lon="20.334069"/><trkpt lat="40.747988" lon="20.333904"/><trkpt lat="40.748067" lon="20.333828"/><trkpt lat="40.748275" lon="20.333721"/><trkpt lat="40.748349" lon="20.333644"/><trkpt lat="40.748705" lon="20.332919"/><trkpt lat="40.748746" lon="20.332857"/><trkpt lat="40.748804" lon="20.332796"/><trkpt lat="40.748853" lon="20.33278"/><trkpt lat="40.748905" lon="20.332777"/><trkpt lat="40.748972" lon="20.332804"/><trkpt lat="40.749024" lon="20.332849"/><trkpt lat="40.749165" lon="20.333046"/><trkpt lat="40.749302" lon="20.333301"/><trkpt lat="40.74942" lon="20.333585"/><trkpt lat="40.749444" lon="20.333673"/><trkpt lat="40.74948" lon="20.333921"/><trkpt lat="40.749484" lon="20.333999"/><trkpt lat="40.749601" lon="20.334347"/><trkpt lat="40.749642" lon="20.334452"/><trkpt lat="40.749713" lon="20.334565"/><trkpt lat="40.749763" lon="20.334604"/><trkpt lat="40.749838" lon="20.334637"/><trkpt lat="40.749911" lon="20.334655"/><trkpt lat="40.750018" lon="20.334656"/><trkpt lat="40.750255" lon="20.334701"/><trkpt lat="40.750341" lon="20.3347"/><trkpt lat="40.750401" lon="20.334689"/><trkpt lat="40.750498" lon="20.334639"/><trkpt lat="40.750624" lon="20.334457"/><trkpt lat="40.750679" lon="20.334306"/><trkpt lat="40.750688" lon="20.33421"/><trkpt lat="40.750689" lon="20.334107"/><trkpt lat="40.750669" lon="20.333998"/><trkpt lat="40.750624" lon="20.333923"/><trkpt lat="40.750566" lon="20.333875"/><trkpt lat="40.750374" lon="20.333757"/><trkpt lat="40.75022" lon="20.333626"/><trkpt lat="40.750167" lon="20.33344"/><trkpt lat="40.750074" lon="20.333187"/><trkpt lat="40.750037" lon="20.333066"/><trkpt lat="40.750002" lon="20.332897"/><trkpt lat="40.749864" lon="20.332454"/><trkpt lat="40.749816" lon="20.332348"/><trkpt lat="40.749739" lon="20.332204"/><trkpt lat="40.749618" lon="20.332"/><trkpt lat="40.749542" lon="20.331832"/><trkpt lat="40.749498" lon="20.331685"/><trkpt lat="40.74948" lon="20.331596"/><trkpt lat="40.749481" lon="20.331545"/><trkpt lat="40.74949" lon="20.331493"/><trkpt lat="40.749829" lon="20.330767"/><trkpt lat="40.74988" lon="20.330597"/><trkpt lat="40.749919" lon="20.33044"/><trkpt lat="40.749939" lon="20.330313"/><trkpt lat="40.749927" lon="20.330095"/><trkpt lat="40.74993" lon="20.329958"/><trkpt lat="40.749939" lon="20.329889"/><trkpt lat="40.749976" lon="20.329809"/><trkpt lat="40.75004" lon="20.32981"/><trkpt lat="40.750073" lon="20.329825"/><trkpt lat="40.750099" lon="20.329873"/><trkpt lat="40.750106" lon="20.329949"/><trkpt lat="40.750104" lon="20.330023"/><trkpt lat="40.750084" lon="20.330269"/><trkpt lat="40.750049" lon="20.330557"/><trkpt lat="40.750002" lon="20.330822"/><trkpt lat="40.74988" lon="20.33115"/><trkpt lat="40.749711" lon="20.33146"/><trkpt lat="40.749694" lon="20.331544"/><trkpt lat="40.749691" lon="20.331611"/><trkpt lat="40.749706" lon="20.331656"/><trkpt lat="40.749791" lon="20.331718"/><trkpt lat="40.749808" lon="20.331725"/><trkpt lat="40.749844" lon="20.331703"/><trkpt lat="40.749867" lon="20.331684"/><trkpt lat="40.749895" lon="20.33164"/><trkpt lat="40.74992" lon="20.331557"/><trkpt lat="40.749932" lon="20.331474"/><trkpt lat="40.749971" lon="20.331311"/><trkpt lat="40.75002" lon="20.331215"/><trkpt lat="40.750122" lon="20.331016"/><trkpt lat="40.750183" lon="20.330878"/><trkpt lat="40.750214" lon="20.33075"/><trkpt lat="40.750284" lon="20.330364"/><trkpt lat="40.750323" lon="20.329976"/><trkpt lat="40.750387" lon="20.329707"/><trkpt lat="40.750544" lon="20.329312"/><trkpt lat="40.750652" lon="20.328915"/><trkpt lat="40.750698" lon="20.328865"/><trkpt lat="40.750723" lon="20.32882"/><trkpt lat="40.750751" lon="20.328741"/><trkpt lat="40.75079" lon="20.328505"/><trkpt lat="40.750825" lon="20.328352"/><trkpt lat="40.751266" lon="20.327473"/><trkpt lat="40.751409" lon="20.327008"/><trkpt lat="40.751497" lon="20.326809"/><trkpt lat="40.75195" lon="20.326116"/><trkpt lat="40.752192" lon="20.325854"/><trkpt lat="40.752306" lon="20.325676"/><trkpt lat="40.752354" lon="20.325507"/><trkpt lat="40.752373" lon="20.325341"/><trkpt lat="40.752371" lon="20.324858"/><trkpt lat="40.752445" lon="20.324544"/><trkpt lat="40.752596" lon="20.324303"/><trkpt lat="40.753181" lon="20.323613"/><trkpt lat="40.753555" lon="20.322945"/><trkpt lat="40.754069" lon="20.322396"/><trkpt lat="40.754774" lon="20.322124"/><trkpt lat="40.755057" lon="20.322099"/><trkpt lat="40.755341" lon="20.322107"/><trkpt lat="40.755557" lon="20.322122"/><trkpt lat="40.755658" lon="20.322079"/><trkpt lat="40.755722" lon="20.322029"/><trkpt lat="40.755828" lon="20.321896"/><trkpt lat="40.755944" lon="20.32179"/><trkpt lat="40.756218" lon="20.321614"/><trkpt lat="40.756315" lon="20.321573"/><trkpt lat="40.756759" lon="20.321626"/><trkpt lat="40.756898" lon="20.321586"/><trkpt lat="40.757001" lon="20.321528"/><trkpt lat="40.757184" lon="20.321297"/><trkpt lat="40.757315" lon="20.321196"/><trkpt lat="40.757489" lon="20.321181"/><trkpt lat="40.757748" lon="20.321194"/><trkpt lat="40.757805" lon="20.321179"/><trkpt lat="40.757862" lon="20.321156"/><trkpt lat="40.758095" lon="20.320935"/><trkpt lat="40.758419" lon="20.320849"/><trkpt lat="40.758866" lon="20.320862"/><trkpt lat="40.759044" lon="20.320791"/><trkpt lat="40.759677" lon="20.320604"/><trkpt lat="40.759752" lon="20.320552"/><trkpt lat="40.759971" lon="20.320613"/><trkpt lat="40.760045" lon="20.320675"/><trkpt lat="40.760844" lon="20.320758"/><trkpt lat="40.761124" lon="20.32109"/><trkpt lat="40.761267" lon="20.321171"/><trkpt lat="40.76141" lon="20.321272"/><trkpt lat="40.76164" lon="20.321493"/><trkpt lat="40.761747" lon="20.321536"/><trkpt lat="40.761981" lon="20.321586"/><trkpt lat="40.762017" lon="20.321616"/><trkpt lat="40.762059" lon="20.321714"/><trkpt lat="40.762172" lon="20.321827"/><trkpt lat="40.762256" lon="20.321865"/><trkpt lat="40.762465" lon="20.321927"/><trkpt lat="40.763185" lon="20.3223"/><trkpt lat="40.763254" lon="20.322371"/><trkpt lat="40.763319" lon="20.322481"/><trkpt lat="40.763416" lon="20.322683"/><trkpt lat="40.763972" lon="20.323143"/><trkpt lat="40.764012" lon="20.323208"/><trkpt lat="40.764126" lon="20.323548"/><trkpt lat="40.764224" lon="20.323679"/><trkpt lat="40.764319" lon="20.323742"/><trkpt lat="40.765115" lon="20.324119"/><trkpt lat="40.765194" lon="20.324208"/><trkpt lat="40.765299" lon="20.324252"/><trkpt lat="40.765608" lon="20.324268"/><trkpt lat="40.765713" lon="20.32433"/><trkpt lat="40.765931" lon="20.324587"/><trkpt lat="40.765996" lon="20.324619"/><trkpt lat="40.766094" lon="20.32459"/><trkpt lat="40.766142" lon="20.324559"/><trkpt lat="40.766216" lon="20.324435"/><trkpt lat="40.76626" lon="20.324293"/><trkpt lat="40.766262" lon="20.323942"/><trkpt lat="40.766276" lon="20.3238"/><trkpt lat="40.766296" lon="20.323711"/><trkpt lat="40.766391" lon="20.323556"/><trkpt lat="40.766523" lon="20.323414"/><trkpt lat="40.766655" lon="20.323363"/><trkpt lat="40.766767" lon="20.323354"/><trkpt lat="40.766995" lon="20.323379"/><trkpt lat="40.767065" lon="20.323354"/><trkpt lat="40.767387" lon="20.323148"/><trkpt lat="40.767673" lon="20.322927"/><trkpt lat="40.767754" lon="20.322829"/><trkpt lat="40.767903" lon="20.322709"/><trkpt lat="40.76798" lon="20.322696"/><trkpt lat="40.768058" lon="20.322722"/><trkpt lat="40.768147" lon="20.322778"/><trkpt lat="40.768205" lon="20.322857"/><trkpt lat="40.76826" lon="20.322949"/><trkpt lat="40.768339" lon="20.322993"/><trkpt lat="40.76848" lon="20.323019"/><trkpt lat="40.768835" lon="20.323024"/><trkpt lat="40.769492" lon="20.322961"/><trkpt lat="40.76994" lon="20.322826"/><trkpt lat="40.770272" lon="20.322501"/><trkpt lat="40.770294" lon="20.322332"/><trkpt lat="40.770317" lon="20.322161"/><trkpt lat="40.770492" lon="20.321796"/><trkpt lat="40.770941" lon="20.321378"/><trkpt lat="40.770993" lon="20.321298"/><trkpt lat="40.771227" lon="20.320939"/><trkpt lat="40.771526" lon="20.319246"/><trkpt lat="40.771585" lon="20.318245"/><trkpt lat="40.771584" lon="20.31677"/><trkpt lat="40.771702" lon="20.316007"/><trkpt lat="40.771646" lon="20.315386"/><trkpt lat="40.771628" lon="20.314268"/><trkpt lat="40.771674" lon="20.311918"/><trkpt lat="40.771824" lon="20.311432"/><trkpt lat="40.771906" lon="20.311202"/><trkpt lat="40.772037" lon="20.310799"/><trkpt lat="40.772076" lon="20.31059"/><trkpt lat="40.772076" lon="20.310325"/><trkpt lat="40.772046" lon="20.310167"/><trkpt lat="40.771943" lon="20.309744"/><trkpt lat="40.771927" lon="20.309624"/><trkpt lat="40.771937" lon="20.309345"/><trkpt lat="40.771994" lon="20.309069"/><trkpt lat="40.77219" lon="20.308758"/><trkpt lat="40.772246" lon="20.308646"/><trkpt lat="40.772308" lon="20.308428"/><trkpt lat="40.77235" lon="20.308149"/><trkpt lat="40.772399" lon="20.307585"/><trkpt lat="40.772444" lon="20.307458"/><trkpt lat="40.772496" lon="20.307392"/><trkpt lat="40.772572" lon="20.307352"/><trkpt lat="40.773006" lon="20.307342"/><trkpt lat="40.773166" lon="20.30731"/><trkpt lat="40.773309" lon="20.307244"/><trkpt lat="40.773404" lon="20.307105"/><trkpt lat="40.773454" lon="20.306953"/><trkpt lat="40.77346" lon="20.306815"/><trkpt lat="40.77344" lon="20.306568"/><trkpt lat="40.773125" lon="20.30548"/><trkpt lat="40.773092" lon="20.305318"/><trkpt lat="40.773097" lon="20.305188"/><trkpt lat="40.773392" lon="20.30425"/><trkpt lat="40.77378" lon="20.303377"/><trkpt lat="40.774013" lon="20.302971"/><trkpt lat="40.774194" lon="20.302205"/><trkpt lat="40.774261" lon="20.30115"/><trkpt lat="40.774252" lon="20.300662"/><trkpt lat="40.774329" lon="20.300259"/><trkpt lat="40.774471" lon="20.300176"/><trkpt lat="40.774848" lon="20.300193"/><trkpt lat="40.775089" lon="20.300163"/><trkpt lat="40.775566" lon="20.299982"/><trkpt lat="40.776859" lon="20.299334"/><trkpt lat="40.777416" lon="20.299177"/><trkpt lat="40.778445" lon="20.298697"/><trkpt lat="40.77926" lon="20.298466"/><trkpt lat="40.780066" lon="20.298128"/><trkpt lat="40.780514" lon="20.297998"/><trkpt lat="40.78086" lon="20.297741"/><trkpt lat="40.781361" lon="20.297221"/><trkpt lat="40.781549" lon="20.297116"/><trkpt lat="40.781966" lon="20.297025"/><trkpt lat="40.782508" lon="20.297065"/><trkpt lat="40.783954" lon="20.296516"/><trkpt lat="40.784224" lon="20.296391"/><trkpt lat="40.784518" lon="20.296204"/><trkpt lat="40.785111" lon="20.295659"/><trkpt lat="40.785202" lon="20.295532"/><trkpt lat="40.785229" lon="20.295428"/><trkpt lat="40.785274" lon="20.295126"/><trkpt lat="40.785431" lon="20.29429"/><trkpt lat="40.785434" lon="20.293743"/><trkpt lat="40.785414" lon="20.293557"/><trkpt lat="40.78537" lon="20.29332"/><trkpt lat="40.78536" lon="20.293174"/><trkpt lat="40.785381" lon="20.292956"/><trkpt lat="40.78547" lon="20.292553"/><trkpt lat="40.785543" lon="20.292403"/><trkpt lat="40.785757" lon="20.292108"/><trkpt lat="40.78602" lon="20.291758"/><trkpt lat="40.786061" lon="20.291687"/><trkpt lat="40.786078" lon="20.291611"/><trkpt lat="40.786087" lon="20.291535"/><trkpt lat="40.78609" lon="20.291371"/><trkpt lat="40.786125" lon="20.290988"/><trkpt lat="40.78617" lon="20.290766"/><trkpt lat="40.78622" lon="20.29062"/><trkpt lat="40.786277" lon="20.290553"/><trkpt lat="40.786345" lon="20.290529"/><trkpt lat="40.786832" lon="20.290551"/><trkpt lat="40.787" lon="20.290483"/><trkpt lat="40.78713" lon="20.290361"/><trkpt lat="40.787329" lon="20.290099"/><trkpt lat="40.787379" lon="20.289968"/><trkpt lat="40.787397" lon="20.289864"/><trkpt lat="40.787419" lon="20.289389"/><trkpt lat="40.787407" lon="20.289085"/><trkpt lat="40.787388" lon="20.288949"/><trkpt lat="40.787357" lon="20.288845"/><trkpt lat="40.787061" lon="20.288272"/><trkpt lat="40.787027" lon="20.288136"/><trkpt lat="40.787022" lon="20.288045"/><trkpt lat="40.787032" lon="20.287945"/><trkpt lat="40.787069" lon="20.287865"/><trkpt lat="40.787094" lon="20.287826"/><trkpt lat="40.787137" lon="20.28779"/><trkpt lat="40.787195" lon="20.287762"/><trkpt lat="40.787311" lon="20.28765"/><trkpt lat="40.787346" lon="20.28759"/><trkpt lat="40.787373" lon="20.287498"/><trkpt lat="40.787387" lon="20.287404"/><trkpt lat="40.787367" lon="20.287284"/><trkpt lat="40.787204" lon="20.286708"/><trkpt lat="40.787204" lon="20.28661"/><trkpt lat="40.78731" lon="20.286005"/><trkpt lat="40.787304" lon="20.285657"/><trkpt lat="40.787323" lon="20.285522"/><trkpt lat="40.787518" lon="20.28517"/><trkpt lat="40.787748" lon="20.284895"/><trkpt lat="40.787812" lon="20.284871"/><trkpt lat="40.78806" lon="20.284904"/><trkpt lat="40.788132" lon="20.284907"/><trkpt lat="40.788271" lon="20.284867"/><trkpt lat="40.788334" lon="20.284839"/><trkpt lat="40.788439" lon="20.284755"/><trkpt lat="40.788522" lon="20.284607"/><trkpt lat="40.788584" lon="20.28448"/><trkpt lat="40.788622" lon="20.284294"/><trkpt lat="40.788611" lon="20.28407"/><trkpt lat="40.788566" lon="20.283579"/><trkpt lat="40.788574" lon="20.283419"/><trkpt lat="40.788637" lon="20.283274"/><trkpt lat="40.78875" lon="20.283102"/><trkpt lat="40.788915" lon="20.282896"/><trkpt lat="40.789224" lon="20.282644"/><trkpt lat="40.789392" lon="20.282557"/><trkpt lat="40.789562" lon="20.282512"/><trkpt lat="40.789706" lon="20.282517"/><trkpt lat="40.789921" lon="20.282457"/><trkpt lat="40.78999" lon="20.282393"/><trkpt lat="40.790076" lon="20.282297"/><trkpt lat="40.790117" lon="20.28221"/><trkpt lat="40.790157" lon="20.282008"/><trkpt lat="40.7902" lon="20.281623"/><trkpt lat="40.790234" lon="20.2815"/><trkpt lat="40.790334" lon="20.281225"/><trkpt lat="40.790665" lon="20.280355"/><trkpt lat="40.79081" lon="20.279468"/><trkpt lat="40.791019" lon="20.278928"/><trkpt lat="40.791237" lon="20.27866"/><trkpt lat="40.791632" lon="20.278491"/><trkpt lat="40.791975" lon="20.278454"/><trkpt lat="40.792072" lon="20.278386"/><trkpt lat="40.79219" lon="20.278241"/><trkpt lat="40.792289" lon="20.277862"/><trkpt lat="40.792298" lon="20.27757"/><trkpt lat="40.792339" lon="20.277253"/><trkpt lat="40.792445" lon="20.27712"/><trkpt lat="40.792688" lon="20.27703"/><trkpt lat="40.792783" lon="20.276862"/><trkpt lat="40.792888" lon="20.276553"/><trkpt lat="40.79304" lon="20.276321"/><trkpt lat="40.793244" lon="20.276155"/><trkpt lat="40.793353" lon="20.276012"/><trkpt lat="40.793409" lon="20.275841"/><trkpt lat="40.793439" lon="20.275675"/><trkpt lat="40.793445" lon="20.275463"/><trkpt lat="40.793483" lon="20.275277"/><trkpt lat="40.793634" lon="20.27504"/><trkpt lat="40.793979" lon="20.27458"/><trkpt lat="40.79428" lon="20.273972"/><trkpt lat="40.794429" lon="20.27376"/><trkpt lat="40.794867" lon="20.273312"/><trkpt lat="40.794981" lon="20.273134"/><trkpt lat="40.79514" lon="20.272625"/><trkpt lat="40.795152" lon="20.272395"/><trkpt lat="40.795092" lon="20.272144"/><trkpt lat="40.795038" lon="20.271869"/><trkpt lat="40.794984" lon="20.27004"/><trkpt lat="40.795019" lon="20.26984"/><trkpt lat="40.795089" lon="20.269723"/><trkpt lat="40.795478" lon="20.269457"/><trkpt lat="40.795622" lon="20.269315"/><trkpt lat="40.795864" lon="20.26871"/><trkpt lat="40.795895" lon="20.26853"/><trkpt lat="40.795957" lon="20.267996"/><trkpt lat="40.796117" lon="20.267301"/><trkpt lat="40.796282" lon="20.266965"/><trkpt lat="40.79635" lon="20.266414"/><trkpt lat="40.796395" lon="20.266274"/><trkpt lat="40.796563" lon="20.265967"/><trkpt lat="40.796655" lon="20.265886"/><trkpt lat="40.796738" lon="20.265772"/><trkpt lat="40.796773" lon="20.265674"/><trkpt lat="40.796775" lon="20.265499"/><trkpt lat="40.796684" lon="20.265037"/><trkpt lat="40.796571" lon="20.264541"/><trkpt lat="40.796423" lon="20.264013"/><trkpt lat="40.79637" lon="20.263799"/><trkpt lat="40.796315" lon="20.263539"/><trkpt lat="40.796311" lon="20.263289"/><trkpt lat="40.796343" lon="20.263066"/><trkpt lat="40.796418" lon="20.262875"/><trkpt lat="40.796482" lon="20.262783"/><trkpt lat="40.796553" lon="20.262729"/><trkpt lat="40.796664" lon="20.262735"/><trkpt lat="40.796799" lon="20.262844"/><trkpt lat="40.796877" lon="20.263047"/><trkpt lat="40.796903" lon="20.263197"/><trkpt lat="40.79694" lon="20.263554"/><trkpt lat="40.796984" lon="20.263754"/><trkpt lat="40.797046" lon="20.263884"/><trkpt lat="40.797124" lon="20.263998"/><trkpt lat="40.797273" lon="20.26411"/><trkpt lat="40.7974" lon="20.26416"/><trkpt lat="40.797474" lon="20.26418"/><trkpt lat="40.797621" lon="20.264178"/><trkpt lat="40.797764" lon="20.264134"/><trkpt lat="40.797882" lon="20.264074"/><trkpt lat="40.798147" lon="20.263857"/><trkpt lat="40.798222" lon="20.263773"/><trkpt lat="40.798393" lon="20.263458"/><trkpt lat="40.798451" lon="20.263263"/><trkpt lat="40.798485" lon="20.263036"/><trkpt lat="40.79848" lon="20.262739"/><trkpt lat="40.798494" lon="20.262496"/><trkpt lat="40.798552" lon="20.262262"/><trkpt lat="40.798648" lon="20.262047"/><trkpt lat="40.798711" lon="20.261961"/><trkpt lat="40.798843" lon="20.261868"/><trkpt lat="40.798917" lon="20.261832"/><trkpt lat="40.799111" lon="20.261838"/><trkpt lat="40.799218" lon="20.261815"/><trkpt lat="40.799541" lon="20.261498"/><trkpt lat="40.79966" lon="20.261379"/><trkpt lat="40.799688" lon="20.261286"/><trkpt lat="40.799681" lon="20.26117"/><trkpt lat="40.799557" lon="20.260879"/><trkpt lat="40.799533" lon="20.260741"/><trkpt lat="40.799524" lon="20.260579"/><trkpt lat="40.799476" lon="20.26003"/><trkpt lat="40.799477" lon="20.259665"/><trkpt lat="40.799501" lon="20.259495"/><trkpt lat="40.799575" lon="20.259291"/><trkpt lat="40.799715" lon="20.259044"/><trkpt lat="40.799807" lon="20.258922"/><trkpt lat="40.800297" lon="20.258517"/><trkpt lat="40.800348" lon="20.258445"/><trkpt lat="40.80056" lon="20.257879"/><trkpt lat="40.80071" lon="20.257702"/><trkpt lat="40.800858" lon="20.25762"/><trkpt lat="40.801181" lon="20.257546"/><trkpt lat="40.801225" lon="20.257536"/><trkpt lat="40.801428" lon="20.257432"/><trkpt lat="40.801586" lon="20.257197"/><trkpt lat="40.802624" lon="20.255602"/><trkpt lat="40.803046" lon="20.255006"/><trkpt lat="40.803751" lon="20.25396"/><trkpt lat="40.804076" lon="20.253471"/><trkpt lat="40.804125" lon="20.253346"/><trkpt lat="40.804395" lon="20.252618"/><trkpt lat="40.805036" lon="20.251182"/><trkpt lat="40.805531" lon="20.25007"/><trkpt lat="40.80558" lon="20.249976"/><trkpt lat="40.805848" lon="20.249492"/><trkpt lat="40.806234" lon="20.248796"/><trkpt lat="40.80627" lon="20.248732"/><trkpt lat="40.807259" lon="20.24695"/><trkpt lat="40.807344" lon="20.246827"/><trkpt lat="40.80788" lon="20.246049"/><trkpt lat="40.807923" lon="20.245929"/><trkpt lat="40.807923" lon="20.245817"/><trkpt lat="40.807889" lon="20.245705"/><trkpt lat="40.807851" lon="20.245543"/><trkpt lat="40.807833" lon="20.245327"/><trkpt lat="40.807868" lon="20.245124"/><trkpt lat="40.807937" lon="20.244911"/><trkpt lat="40.808024" lon="20.244748"/><trkpt lat="40.808095" lon="20.244661"/><trkpt lat="40.808126" lon="20.244515"/><trkpt lat="40.808094" lon="20.244366"/><trkpt lat="40.808048" lon="20.24427"/><trkpt lat="40.807952" lon="20.244203"/><trkpt lat="40.807434" lon="20.243877"/><trkpt lat="40.80734" lon="20.243783"/><trkpt lat="40.807248" lon="20.243646"/><trkpt lat="40.807165" lon="20.243424"/><trkpt lat="40.807097" lon="20.243272"/><trkpt lat="40.806756" lon="20.242582"/><trkpt lat="40.806687" lon="20.242374"/><trkpt lat="40.806664" lon="20.2421"/><trkpt lat="40.806693" lon="20.241838"/><trkpt lat="40.806765" lon="20.241446"/><trkpt lat="40.806949" lon="20.241087"/><trkpt lat="40.807149" lon="20.240789"/><trkpt lat="40.80733" lon="20.240604"/><trkpt lat="40.807463" lon="20.240513"/><trkpt lat="40.807566" lon="20.240455"/><trkpt lat="40.807667" lon="20.24041"/><trkpt lat="40.808137" lon="20.240327"/><trkpt lat="40.808291" lon="20.240194"/><trkpt lat="40.808443" lon="20.239874"/><trkpt lat="40.808457" lon="20.239754"/><trkpt lat="40.808267" lon="20.239277"/><trkpt lat="40.808249" lon="20.238968"/><trkpt lat="40.808289" lon="20.238701"/><trkpt lat="40.808322" lon="20.238529"/><trkpt lat="40.808478" lon="20.237824"/><trkpt lat="40.808945" lon="20.23599"/><trkpt lat="40.809683" lon="20.233418"/><trkpt lat="40.80989" lon="20.232596"/><trkpt lat="40.809949" lon="20.232039"/><trkpt lat="40.810039" lon="20.231806"/><trkpt lat="40.810097" lon="20.231695"/><trkpt lat="40.81019" lon="20.23163"/><trkpt lat="40.810254" lon="20.231602"/><trkpt lat="40.810352" lon="20.231664"/><trkpt lat="40.81041" lon="20.231721"/><trkpt lat="40.810472" lon="20.231858"/><trkpt lat="40.810557" lon="20.232112"/><trkpt lat="40.81076" lon="20.232407"/><trkpt lat="40.810818" lon="20.232521"/><trkpt lat="40.810959" lon="20.232898"/><trkpt lat="40.811049" lon="20.233097"/><trkpt lat="40.811162" lon="20.233273"/><trkpt lat="40.811267" lon="20.233373"/><trkpt lat="40.811385" lon="20.233431"/><trkpt lat="40.811502" lon="20.233507"/><trkpt lat="40.811605" lon="20.233658"/><trkpt lat="40.811736" lon="20.233918"/><trkpt lat="40.811939" lon="20.234458"/><trkpt lat="40.812083" lon="20.2346"/><trkpt lat="40.812285" lon="20.234638"/><trkpt lat="40.812484" lon="20.234578"/><trkpt lat="40.812655" lon="20.234434"/><trkpt lat="40.812715" lon="20.234358"/><trkpt lat="40.81276" lon="20.234257"/><trkpt lat="40.812773" lon="20.234142"/><trkpt lat="40.812778" lon="20.233989"/><trkpt lat="40.812766" lon="20.23387"/><trkpt lat="40.812729" lon="20.233608"/><trkpt lat="40.812644" lon="20.233275"/><trkpt lat="40.812274" lon="20.232212"/><trkpt lat="40.812087" lon="20.231778"/><trkpt lat="40.812015" lon="20.231532"/><trkpt lat="40.811976" lon="20.231278"/><trkpt lat="40.81198" lon="20.231101"/><trkpt lat="40.811982" lon="20.231"/><trkpt lat="40.812015" lon="20.230777"/><trkpt lat="40.812085" lon="20.230547"/><trkpt lat="40.812171" lon="20.230374"/><trkpt lat="40.812263" lon="20.230239"/><trkpt lat="40.812351" lon="20.230155"/><trkpt lat="40.812446" lon="20.230082"/><trkpt lat="40.812549" lon="20.230025"/><trkpt lat="40.812974" lon="20.229868"/><trkpt lat="40.813032" lon="20.229834"/><trkpt lat="40.813092" lon="20.229793"/><trkpt lat="40.813823" lon="20.229195"/><trkpt lat="40.814027" lon="20.229028"/><trkpt lat="40.814143" lon="20.228944"/><trkpt lat="40.814241" lon="20.228865"/><trkpt lat="40.81436" lon="20.228743"/><trkpt lat="40.814482" lon="20.22859"/><trkpt lat="40.814698" lon="20.228299"/><trkpt lat="40.815005" lon="20.227966"/><trkpt lat="40.815463" lon="20.227516"/><trkpt lat="40.815998" lon="20.226954"/><trkpt lat="40.816284" lon="20.226676"/><trkpt lat="40.816467" lon="20.22651"/><trkpt lat="40.817155" lon="20.225754"/><trkpt lat="40.818114" lon="20.224779"/><trkpt lat="40.818184" lon="20.224701"/><trkpt lat="40.818486" lon="20.224376"/><trkpt lat="40.818807" lon="20.224048"/><trkpt lat="40.819021" lon="20.223858"/><trkpt lat="40.819207" lon="20.223681"/><trkpt lat="40.819933" lon="20.222971"/><trkpt lat="40.820146" lon="20.22274"/><trkpt lat="40.820548" lon="20.222252"/><trkpt lat="40.82068" lon="20.222067"/><trkpt lat="40.820785" lon="20.2219"/><trkpt lat="40.820898" lon="20.221686"/><trkpt lat="40.821324" lon="20.220755"/><trkpt lat="40.82152" lon="20.220289"/><trkpt lat="40.82168" lon="20.219881"/><trkpt lat="40.821741" lon="20.21975"/><trkpt lat="40.821819" lon="20.219613"/><trkpt lat="40.821899" lon="20.2195"/><trkpt lat="40.821986" lon="20.219408"/><trkpt lat="40.822067" lon="20.219342"/><trkpt lat="40.822134" lon="20.219311"/><trkpt lat="40.822208" lon="20.219301"/><trkpt lat="40.822275" lon="20.219314"/><trkpt lat="40.82235" lon="20.219354"/><trkpt lat="40.82255" lon="20.219519"/><trkpt lat="40.822627" lon="20.21957"/><trkpt lat="40.822747" lon="20.219626"/><trkpt lat="40.822849" lon="20.219663"/><trkpt lat="40.822912" lon="20.219697"/><trkpt lat="40.823105" lon="20.219847"/><trkpt lat="40.823189" lon="20.21989"/><trkpt lat="40.823296" lon="20.219915"/><trkpt lat="40.823412" lon="20.219924"/><trkpt lat="40.823653" lon="20.219946"/><trkpt lat="40.823896" lon="20.219967"/><trkpt lat="40.823957" lon="20.219984"/><trkpt lat="40.824005" lon="20.22001"/><trkpt lat="40.824052" lon="20.220057"/><trkpt lat="40.824093" lon="20.220135"/><trkpt lat="40.824224" lon="20.220462"/><trkpt lat="40.824275" lon="20.220612"/><trkpt lat="40.824347" lon="20.220873"/><trkpt lat="40.8245" lon="20.221486"/><trkpt lat="40.824567" lon="20.221784"/><trkpt lat="40.824639" lon="20.222001"/><trkpt lat="40.8247" lon="20.222143"/><trkpt lat="40.824748" lon="20.222216"/><trkpt lat="40.824797" lon="20.222248"/><trkpt lat="40.824846" lon="20.222264"/><trkpt lat="40.824894" lon="20.222256"/><trkpt lat="40.824931" lon="20.222227"/><trkpt lat="40.824959" lon="20.222176"/><trkpt lat="40.824971" lon="20.222113"/><trkpt lat="40.824964" lon="20.22204"/><trkpt lat="40.824874" lon="20.221664"/><trkpt lat="40.824856" lon="20.221456"/><trkpt lat="40.824859" lon="20.221134"/><trkpt lat="40.824879" lon="20.22083"/><trkpt lat="40.824894" lon="20.220706"/><trkpt lat="40.82492" lon="20.220616"/><trkpt lat="40.824969" lon="20.220537"/><trkpt lat="40.825034" lon="20.220468"/><trkpt lat="40.825145" lon="20.220382"/><trkpt lat="40.825196" lon="20.22032"/><trkpt lat="40.825229" lon="20.220243"/><trkpt lat="40.825231" lon="20.220149"/><trkpt lat="40.825219" lon="20.220071"/><trkpt lat="40.825053" lon="20.219689"/><trkpt lat="40.825003" lon="20.219599"/><trkpt lat="40.82494" lon="20.219537"/><trkpt lat="40.824848" lon="20.219469"/><trkpt lat="40.824715" lon="20.219405"/><trkpt lat="40.82464" lon="20.219359"/><trkpt lat="40.82457" lon="20.219292"/><trkpt lat="40.824511" lon="20.219217"/><trkpt lat="40.824447" lon="20.219155"/><trkpt lat="40.824043" lon="20.21889"/><trkpt lat="40.823983" lon="20.218837"/><trkpt lat="40.823945" lon="20.218772"/><trkpt lat="40.823923" lon="20.218708"/><trkpt lat="40.823921" lon="20.218604"/><trkpt lat="40.823935" lon="20.218498"/><trkpt lat="40.823963" lon="20.218403"/><trkpt lat="40.824141" lon="20.217912"/><trkpt lat="40.824229" lon="20.217713"/><trkpt lat="40.824297" lon="20.217628"/><trkpt lat="40.824376" lon="20.217559"/><trkpt lat="40.824502" lon="20.217495"/><trkpt lat="40.824749" lon="20.217425"/><trkpt lat="40.825321" lon="20.217291"/><trkpt lat="40.825378" lon="20.217259"/><trkpt lat="40.825426" lon="20.217218"/><trkpt lat="40.825464" lon="20.217161"/><trkpt lat="40.825485" lon="20.217104"/><trkpt lat="40.825487" lon="20.217042"/><trkpt lat="40.825478" lon="20.216983"/><trkpt lat="40.825374" lon="20.216731"/><trkpt lat="40.825352" lon="20.216603"/><trkpt lat="40.825338" lon="20.216444"/><trkpt lat="40.825331" lon="20.216084"/><trkpt lat="40.82534" lon="20.215958"/><trkpt lat="40.825374" lon="20.215848"/><trkpt lat="40.825426" lon="20.215775"/><trkpt lat="40.825514" lon="20.215701"/><trkpt lat="40.825826" lon="20.215485"/><trkpt lat="40.825909" lon="20.215457"/><trkpt lat="40.825973" lon="20.215447"/><trkpt lat="40.826057" lon="20.215453"/><trkpt lat="40.826138" lon="20.215481"/><trkpt lat="40.826426" lon="20.215679"/><trkpt lat="40.82679" lon="20.215894"/><trkpt lat="40.826869" lon="20.215923"/><trkpt lat="40.826933" lon="20.215932"/><trkpt lat="40.826972" lon="20.215931"/><trkpt lat="40.827008" lon="20.215917"/><trkpt lat="40.827057" lon="20.215883"/><trkpt lat="40.827092" lon="20.21584"/><trkpt lat="40.827122" lon="20.215787"/><trkpt lat="40.82714" lon="20.215722"/><trkpt lat="40.827142" lon="20.215669"/><trkpt lat="40.827134" lon="20.215616"/><trkpt lat="40.827113" lon="20.215547"/><trkpt lat="40.827075" lon="20.215453"/><trkpt lat="40.827023" lon="20.21536"/><trkpt lat="40.826961" lon="20.215275"/><trkpt lat="40.826867" lon="20.215184"/><trkpt lat="40.826619" lon="20.215002"/><trkpt lat="40.826406" lon="20.214814"/><trkpt lat="40.826156" lon="20.214651"/><trkpt lat="40.825988" lon="20.214524"/><trkpt lat="40.825733" lon="20.214267"/><trkpt lat="40.825591" lon="20.214113"/><trkpt lat="40.825545" lon="20.214043"/><trkpt lat="40.825511" lon="20.213958"/><trkpt lat="40.825489" lon="20.213782"/><trkpt lat="40.825471" lon="20.213548"/><trkpt lat="40.825445" lon="20.213308"/><trkpt lat="40.825375" lon="20.212783"/><trkpt lat="40.825368" lon="20.212581"/><trkpt lat="40.825385" lon="20.212379"/><trkpt lat="40.825416" lon="20.212215"/><trkpt lat="40.82546" lon="20.212068"/><trkpt lat="40.825546" lon="20.211881"/><trkpt lat="40.825685" lon="20.21165"/><trkpt lat="40.825834" lon="20.211425"/><trkpt lat="40.826078" lon="20.211136"/><trkpt lat="40.826354" lon="20.210909"/><trkpt lat="40.826476" lon="20.210789"/><trkpt lat="40.826608" lon="20.210637"/><trkpt lat="40.826982" lon="20.210241"/><trkpt lat="40.827381" lon="20.209886"/><trkpt lat="40.827446" lon="20.20981"/><trkpt lat="40.827508" lon="20.209707"/><trkpt lat="40.82766" lon="20.209389"/><trkpt lat="40.827915" lon="20.208912"/><trkpt lat="40.828066" lon="20.2086"/><trkpt lat="40.828303" lon="20.208032"/><trkpt lat="40.828712" lon="20.207101"/><trkpt lat="40.82876" lon="20.207012"/><trkpt lat="40.828819" lon="20.206934"/><trkpt lat="40.828881" lon="20.206869"/><trkpt lat="40.829043" lon="20.206762"/><trkpt lat="40.829112" lon="20.206705"/><trkpt lat="40.829166" lon="20.206641"/><trkpt lat="40.829206" lon="20.206571"/><trkpt lat="40.82924" lon="20.206496"/><trkpt lat="40.829257" lon="20.206404"/><trkpt lat="40.829263" lon="20.206314"/><trkpt lat="40.829258" lon="20.206221"/><trkpt lat="40.829235" lon="20.206132"/><trkpt lat="40.829195" lon="20.206038"/><trkpt lat="40.828853" lon="20.205428"/><trkpt lat="40.828612" lon="20.205024"/><trkpt lat="40.828466" lon="20.204797"/><trkpt lat="40.828139" lon="20.204354"/><trkpt lat="40.828099" lon="20.204279"/><trkpt lat="40.828069" lon="20.204195"/><trkpt lat="40.828047" lon="20.204089"/><trkpt lat="40.828048" lon="20.203974"/><trkpt lat="40.82807" lon="20.203843"/><trkpt lat="40.82812" lon="20.203689"/><trkpt lat="40.828206" lon="20.203486"/><trkpt lat="40.828532" lon="20.202924"/><trkpt lat="40.828652" lon="20.202758"/><trkpt lat="40.828753" lon="20.20265"/><trkpt lat="40.828844" lon="20.202578"/><trkpt lat="40.828988" lon="20.202493"/><trkpt lat="40.829813" lon="20.20204"/><trkpt lat="40.830168" lon="20.201862"/><trkpt lat="40.830367" lon="20.201745"/><trkpt lat="40.830591" lon="20.201578"/><trkpt lat="40.830933" lon="20.201267"/><trkpt lat="40.83112" lon="20.201112"/><trkpt lat="40.831301" lon="20.200988"/><trkpt lat="40.831565" lon="20.20083"/><trkpt lat="40.833156" lon="20.199972"/><trkpt lat="40.833425" lon="20.199813"/><trkpt lat="40.833672" lon="20.199654"/><trkpt lat="40.833857" lon="20.199516"/><trkpt lat="40.834051" lon="20.199362"/><trkpt lat="40.834373" lon="20.199086"/><trkpt lat="40.834547" lon="20.198895"/><trkpt lat="40.834884" lon="20.198438"/><trkpt lat="40.835052" lon="20.198234"/><trkpt lat="40.835337" lon="20.197943"/><trkpt lat="40.835441" lon="20.197789"/><trkpt lat="40.835721" lon="20.197322"/><trkpt lat="40.835777" lon="20.197209"/><trkpt lat="40.835819" lon="20.197075"/><trkpt lat="40.835869" lon="20.196793"/><trkpt lat="40.835905" lon="20.196685"/><trkpt lat="40.835957" lon="20.196586"/><trkpt lat="40.83602" lon="20.196509"/><trkpt lat="40.836082" lon="20.196462"/><trkpt lat="40.836176" lon="20.196437"/><trkpt lat="40.836285" lon="20.19644"/><trkpt lat="40.836433" lon="20.196459"/><trkpt lat="40.836593" lon="20.196464"/><trkpt lat="40.836886" lon="20.19645"/><trkpt lat="40.836988" lon="20.196456"/><trkpt lat="40.837085" lon="20.196474"/><trkpt lat="40.837184" lon="20.19651"/><trkpt lat="40.837286" lon="20.196562"/><trkpt lat="40.837486" lon="20.196688"/><trkpt lat="40.837535" lon="20.196705"/><trkpt lat="40.83758" lon="20.196707"/><trkpt lat="40.837621" lon="20.196684"/><trkpt lat="40.837653" lon="20.196636"/><trkpt lat="40.837665" lon="20.196579"/><trkpt lat="40.837651" lon="20.196501"/><trkpt lat="40.83762" lon="20.196417"/><trkpt lat="40.837572" lon="20.196348"/><trkpt lat="40.837423" lon="20.196178"/><trkpt lat="40.837309" lon="20.196047"/><trkpt lat="40.837247" lon="20.195989"/><trkpt lat="40.837176" lon="20.195945"/><trkpt lat="40.83709" lon="20.19593"/><trkpt lat="40.83699" lon="20.195901"/><trkpt lat="40.83691" lon="20.195856"/><trkpt lat="40.836844" lon="20.195789"/><trkpt lat="40.836793" lon="20.195703"/><trkpt lat="40.836764" lon="20.195595"/><trkpt lat="40.83675" lon="20.195466"/><trkpt lat="40.836762" lon="20.195355"/><trkpt lat="40.836795" lon="20.195257"/><trkpt lat="40.836854" lon="20.195154"/><trkpt lat="40.837493" lon="20.19434"/><trkpt lat="40.8378" lon="20.193987"/><trkpt lat="40.837887" lon="20.193922"/><trkpt lat="40.837961" lon="20.193882"/><trkpt lat="40.838037" lon="20.193871"/><trkpt lat="40.838334" lon="20.193902"/><trkpt lat="40.838417" lon="20.193889"/><trkpt lat="40.838501" lon="20.193858"/><trkpt lat="40.838556" lon="20.193816"/><trkpt lat="40.838625" lon="20.193741"/><trkpt lat="40.838757" lon="20.193558"/><trkpt lat="40.838879" lon="20.193405"/><trkpt lat="40.839019" lon="20.193268"/><trkpt lat="40.839178" lon="20.193147"/><trkpt lat="40.839336" lon="20.193053"/><trkpt lat="40.83955" lon="20.192943"/><trkpt lat="40.839706" lon="20.192839"/><trkpt lat="40.839933" lon="20.192643"/><trkpt lat="40.840266" lon="20.192379"/><trkpt lat="40.840326" lon="20.192348"/><trkpt lat="40.840383" lon="20.192329"/><trkpt lat="40.840445" lon="20.192332"/><trkpt lat="40.840507" lon="20.192347"/><trkpt lat="40.840669" lon="20.192423"/><trkpt lat="40.840741" lon="20.192434"/><trkpt lat="40.8408" lon="20.19243"/><trkpt lat="40.840858" lon="20.192408"/><trkpt lat="40.840905" lon="20.192373"/><trkpt lat="40.840948" lon="20.192321"/><trkpt lat="40.840985" lon="20.192233"/><trkpt lat="40.841009" lon="20.192111"/><trkpt lat="40.841035" lon="20.1919"/><trkpt lat="40.841062" lon="20.191759"/><trkpt lat="40.841107" lon="20.191597"/><trkpt lat="40.841216" lon="20.191277"/><trkpt lat="40.841303" lon="20.191044"/><trkpt lat="40.841356" lon="20.190944"/><trkpt lat="40.841455" lon="20.190835"/><trkpt lat="40.84154" lon="20.19077"/><trkpt lat="40.84172" lon="20.190658"/><trkpt lat="40.841839" lon="20.190593"/><trkpt lat="40.841972" lon="20.190537"/><trkpt lat="40.842576" lon="20.190363"/><trkpt lat="40.842718" lon="20.190304"/><trkpt lat="40.84284" lon="20.190236"/><trkpt lat="40.843056" lon="20.190101"/><trkpt lat="40.843146" lon="20.190053"/><trkpt lat="40.84322" lon="20.190028"/><trkpt lat="40.843287" lon="20.190023"/><trkpt lat="40.843353" lon="20.190039"/><trkpt lat="40.843515" lon="20.190123"/><trkpt lat="40.843579" lon="20.190151"/><trkpt lat="40.843636" lon="20.190154"/><trkpt lat="40.843682" lon="20.190144"/><trkpt lat="40.843746" lon="20.19011"/><trkpt lat="40.843794" lon="20.190059"/><trkpt lat="40.843861" lon="20.189958"/><trkpt lat="40.843941" lon="20.18981"/><trkpt lat="40.844121" lon="20.189434"/><trkpt lat="40.844196" lon="20.189302"/><trkpt lat="40.84428" lon="20.189204"/><trkpt lat="40.844395" lon="20.189104"/><trkpt lat="40.844572" lon="20.189011"/><trkpt lat="40.844934" lon="20.188883"/><trkpt lat="40.84557" lon="20.188641"/><trkpt lat="40.845737" lon="20.18861"/><trkpt lat="40.845895" lon="20.188594"/><trkpt lat="40.846208" lon="20.188592"/><trkpt lat="40.846264" lon="20.188581"/><trkpt lat="40.84631" lon="20.188553"/><trkpt lat="40.846371" lon="20.18848"/><trkpt lat="40.846388" lon="20.188431"/><trkpt lat="40.846392" lon="20.188379"/><trkpt lat="40.846384" lon="20.188328"/><trkpt lat="40.846364" lon="20.188273"/><trkpt lat="40.846336" lon="20.188228"/><trkpt lat="40.846202" lon="20.188147"/><trkpt lat="40.846063" lon="20.188118"/><trkpt lat="40.845909" lon="20.188119"/><trkpt lat="40.845729" lon="20.188149"/><trkpt lat="40.845394" lon="20.188226"/><trkpt lat="40.845099" lon="20.188307"/><trkpt lat="40.844924" lon="20.188366"/><trkpt lat="40.844464" lon="20.188557"/><trkpt lat="40.844335" lon="20.188587"/><trkpt lat="40.844202" lon="20.188606"/><trkpt lat="40.843962" lon="20.188616"/><trkpt lat="40.843831" lon="20.18864"/><trkpt lat="40.843684" lon="20.188688"/><trkpt lat="40.843539" lon="20.188708"/><trkpt lat="40.843491" lon="20.188694"/><trkpt lat="40.843462" lon="20.188671"/><trkpt lat="40.843446" lon="20.188623"/><trkpt lat="40.843442" lon="20.188567"/><trkpt lat="40.843453" lon="20.188499"/><trkpt lat="40.843471" lon="20.188457"/><trkpt lat="40.843527" lon="20.188406"/><trkpt lat="40.843596" lon="20.188383"/><trkpt lat="40.843861" lon="20.188371"/><trkpt lat="40.844045" lon="20.18833"/><trkpt lat="40.844218" lon="20.188266"/><trkpt lat="40.844789" lon="20.187922"/><trkpt lat="40.845339" lon="20.187547"/><trkpt lat="40.845483" lon="20.18747"/><trkpt lat="40.845624" lon="20.187414"/><trkpt lat="40.845702" lon="20.187409"/><trkpt lat="40.845873" lon="20.187434"/><trkpt lat="40.84598" lon="20.18747"/><trkpt lat="40.846122" lon="20.18753"/><trkpt lat="40.846199" lon="20.187557"/><trkpt lat="40.846297" lon="20.187574"/><trkpt lat="40.846387" lon="20.187604"/><trkpt lat="40.846488" lon="20.187649"/><trkpt lat="40.846586" lon="20.187725"/><trkpt lat="40.846796" lon="20.187913"/><trkpt lat="40.846897" lon="20.187984"/><trkpt lat="40.847014" lon="20.188055"/><trkpt lat="40.847487" lon="20.188291"/><trkpt lat="40.847648" lon="20.188349"/><trkpt lat="40.847882" lon="20.188407"/><trkpt lat="40.848036" lon="20.188454"/><trkpt lat="40.848204" lon="20.18852"/><trkpt lat="40.848508" lon="20.188672"/><trkpt lat="40.848784" lon="20.188848"/><trkpt lat="40.848865" lon="20.188899"/><trkpt lat="40.849162" lon="20.189113"/><trkpt lat="40.849205" lon="20.189145"/><trkpt lat="40.849571" lon="20.189436"/><trkpt lat="40.849741" lon="20.189568"/><trkpt lat="40.850047" lon="20.189776"/><trkpt lat="40.850234" lon="20.189881"/><trkpt lat="40.850408" lon="20.18995"/><trkpt lat="40.850644" lon="20.190029"/><trkpt lat="40.85083" lon="20.190071"/><trkpt lat="40.851053" lon="20.190107"/><trkpt lat="40.851581" lon="20.190155"/><trkpt lat="40.851973" lon="20.190251"/><trkpt lat="40.852087" lon="20.190263"/><trkpt lat="40.852195" lon="20.190255"/><trkpt lat="40.8523" lon="20.190228"/><trkpt lat="40.852537" lon="20.190106"/><trkpt lat="40.854422" lon="20.189291"/><trkpt lat="40.854496" lon="20.18926"/><trkpt lat="40.854568" lon="20.189245"/><trkpt lat="40.854609" lon="20.189256"/><trkpt lat="40.854661" lon="20.18929"/><trkpt lat="40.854698" lon="20.189338"/><trkpt lat="40.854734" lon="20.189407"/><trkpt lat="40.854754" lon="20.189489"/><trkpt lat="40.854763" lon="20.189576"/><trkpt lat="40.854758" lon="20.189662"/><trkpt lat="40.85474" lon="20.189744"/><trkpt lat="40.854684" lon="20.189952"/><trkpt lat="40.854683" lon="20.190025"/><trkpt lat="40.854689" lon="20.190103"/><trkpt lat="40.854715" lon="20.190164"/><trkpt lat="40.854752" lon="20.19021"/><trkpt lat="40.854809" lon="20.190253"/><trkpt lat="40.854873" lon="20.190275"/><trkpt lat="40.854959" lon="20.190275"/><trkpt lat="40.855177" lon="20.19024"/><trkpt lat="40.855394" lon="20.190209"/><trkpt lat="40.855481" lon="20.190177"/><trkpt lat="40.855586" lon="20.190125"/><trkpt lat="40.855696" lon="20.190056"/><trkpt lat="40.855793" lon="20.189977"/><trkpt lat="40.856234" lon="20.189483"/><trkpt lat="40.856528" lon="20.189166"/><trkpt lat="40.856666" lon="20.189034"/><trkpt lat="40.85678" lon="20.18896"/><trkpt lat="40.857371" lon="20.188659"/><trkpt lat="40.857642" lon="20.188499"/><trkpt lat="40.857765" lon="20.188437"/><trkpt lat="40.857843" lon="20.188398"/><trkpt lat="40.857943" lon="20.188365"/><trkpt lat="40.858031" lon="20.188353"/><trkpt lat="40.858112" lon="20.188362"/><trkpt lat="40.858326" lon="20.188432"/><trkpt lat="40.858424" lon="20.188444"/><trkpt lat="40.858541" lon="20.188443"/><trkpt lat="40.858696" lon="20.188424"/><trkpt lat="40.858783" lon="20.188396"/><trkpt lat="40.85886" lon="20.188354"/><trkpt lat="40.85893" lon="20.188278"/><trkpt lat="40.858992" lon="20.188222"/><trkpt lat="40.859077" lon="20.188173"/><trkpt lat="40.859157" lon="20.188142"/><trkpt lat="40.859251" lon="20.188121"/><trkpt lat="40.860077" lon="20.187984"/><trkpt lat="40.860208" lon="20.187975"/><trkpt lat="40.860303" lon="20.188001"/><trkpt lat="40.860379" lon="20.188051"/><trkpt lat="40.860448" lon="20.188121"/><trkpt lat="40.860521" lon="20.188212"/><trkpt lat="40.860571" lon="20.188324"/><trkpt lat="40.860605" lon="20.188453"/><trkpt lat="40.860625" lon="20.188591"/><trkpt lat="40.860647" lon="20.188841"/><trkpt lat="40.860659" lon="20.188916"/><trkpt lat="40.860685" lon="20.188972"/><trkpt lat="40.860721" lon="20.18901"/><trkpt lat="40.860766" lon="20.189023"/><trkpt lat="40.860856" lon="20.189014"/><trkpt lat="40.860949" lon="20.188993"/><trkpt lat="40.860982" lon="20.188979"/><trkpt lat="40.861026" lon="20.188933"/><trkpt lat="40.861091" lon="20.188814"/><trkpt lat="40.861141" lon="20.188703"/><trkpt lat="40.861175" lon="20.188598"/><trkpt lat="40.861187" lon="20.188483"/><trkpt lat="40.861185" lon="20.188353"/><trkpt lat="40.861139" lon="20.187807"/><trkpt lat="40.861137" lon="20.187641"/><trkpt lat="40.861141" lon="20.187469"/><trkpt lat="40.861189" lon="20.187363"/><trkpt lat="40.861287" lon="20.187296"/><trkpt lat="40.861438" lon="20.187258"/><trkpt lat="40.861622" lon="20.187237"/><trkpt lat="40.862379" lon="20.187199"/><trkpt lat="40.862601" lon="20.187168"/><trkpt lat="40.862921" lon="20.187083"/><trkpt lat="40.86352" lon="20.186861"/><trkpt lat="40.863693" lon="20.186787"/><trkpt lat="40.864104" lon="20.186542"/><trkpt lat="40.864509" lon="20.186282"/><trkpt lat="40.864625" lon="20.186168"/><trkpt lat="40.86484" lon="20.185907"/><trkpt lat="40.864984" lon="20.185689"/><trkpt lat="40.865161" lon="20.185636"/><trkpt lat="40.865575" lon="20.185527"/><trkpt lat="40.866044" lon="20.185407"/><trkpt lat="40.866185" lon="20.185827"/><trkpt lat="40.866208" lon="20.185919"/><trkpt lat="40.866228" lon="20.186098"/><trkpt lat="40.866229" lon="20.186175"/><trkpt lat="40.866211" lon="20.186238"/><trkpt lat="40.86614" lon="20.186413"/><trkpt lat="40.86613" lon="20.186478"/><trkpt lat="40.865711" lon="20.186457"/><trkpt lat="40.865489" lon="20.186474"/></trkseg></trk><trk><name>3 Gramsh → Berat přes Vodicë (varianta A, podle OSM)</name><trkseg><trkpt lat="40.865489" lon="20.186474"/><trkpt lat="40.865711" lon="20.186457"/><trkpt lat="40.86613" lon="20.186478"/><trkpt lat="40.86614" lon="20.186413"/><trkpt lat="40.866211" lon="20.186238"/><trkpt lat="40.866229" lon="20.186175"/><trkpt lat="40.866228" lon="20.186098"/><trkpt lat="40.866208" lon="20.185919"/><trkpt lat="40.866185" lon="20.185827"/><trkpt lat="40.866044" lon="20.185407"/><trkpt lat="40.865575" lon="20.185527"/><trkpt lat="40.865161" lon="20.185636"/><trkpt lat="40.864984" lon="20.185689"/><trkpt lat="40.86484" lon="20.185907"/><trkpt lat="40.864625" lon="20.186168"/><trkpt lat="40.864509" lon="20.186282"/><trkpt lat="40.864104" lon="20.186542"/><trkpt lat="40.863693" lon="20.186787"/><trkpt lat="40.86352" lon="20.186861"/><trkpt lat="40.862921" lon="20.187083"/><trkpt lat="40.862601" lon="20.187168"/><trkpt lat="40.862379" lon="20.187199"/><trkpt lat="40.861622" lon="20.187237"/><trkpt lat="40.861438" lon="20.187258"/><trkpt lat="40.861287" lon="20.187296"/><trkpt lat="40.861189" lon="20.187363"/><trkpt lat="40.861141" lon="20.187469"/><trkpt lat="40.861137" lon="20.187641"/><trkpt lat="40.861139" lon="20.187807"/><trkpt lat="40.861185" lon="20.188353"/><trkpt lat="40.861187" lon="20.188483"/><trkpt lat="40.861175" lon="20.188598"/><trkpt lat="40.861141" lon="20.188703"/><trkpt lat="40.861091" lon="20.188814"/><trkpt lat="40.861026" lon="20.188933"/><trkpt lat="40.860982" lon="20.188979"/><trkpt lat="40.860949" lon="20.188993"/><trkpt lat="40.860856" lon="20.189014"/><trkpt lat="40.860766" lon="20.189023"/><trkpt lat="40.860721" lon="20.18901"/><trkpt lat="40.86063" lon="20.189179"/><trkpt lat="40.860569" lon="20.189354"/><trkpt lat="40.860549" lon="20.189489"/><trkpt lat="40.860548" lon="20.189616"/><trkpt lat="40.860557" lon="20.189761"/><trkpt lat="40.860593" lon="20.190129"/><trkpt lat="40.860672" lon="20.190464"/><trkpt lat="40.86068" lon="20.190545"/><trkpt lat="40.86068" lon="20.190615"/><trkpt lat="40.860653" lon="20.190684"/><trkpt lat="40.860599" lon="20.190727"/><trkpt lat="40.860533" lon="20.190766"/><trkpt lat="40.860182" lon="20.190849"/><trkpt lat="40.859815" lon="20.19092"/><trkpt lat="40.859453" lon="20.191"/><trkpt lat="40.859313" lon="20.191052"/><trkpt lat="40.859193" lon="20.191084"/><trkpt lat="40.858798" lon="20.191139"/><trkpt lat="40.858564" lon="20.191141"/><trkpt lat="40.858453" lon="20.191119"/><trkpt lat="40.857915" lon="20.190975"/><trkpt lat="40.857804" lon="20.190959"/><trkpt lat="40.857686" lon="20.190957"/><trkpt lat="40.857622" lon="20.190979"/><trkpt lat="40.85725" lon="20.19118"/><trkpt lat="40.85702" lon="20.191327"/><trkpt lat="40.856835" lon="20.191453"/><trkpt lat="40.856768" lon="20.191516"/><trkpt lat="40.85672" lon="20.191575"/><trkpt lat="40.856658" lon="20.191615"/><trkpt lat="40.856521" lon="20.191656"/><trkpt lat="40.856197" lon="20.191492"/><trkpt lat="40.856123" lon="20.191436"/><trkpt lat="40.856061" lon="20.191358"/><trkpt lat="40.855916" lon="20.191124"/><trkpt lat="40.855805" lon="20.190941"/><trkpt lat="40.855769" lon="20.190859"/><trkpt lat="40.855748" lon="20.190773"/><trkpt lat="40.855757" lon="20.190657"/><trkpt lat="40.855787" lon="20.190521"/><trkpt lat="40.855806" lon="20.190369"/><trkpt lat="40.855809" lon="20.190221"/><trkpt lat="40.855801" lon="20.190104"/><trkpt lat="40.855793" lon="20.189977"/><trkpt lat="40.855696" lon="20.190056"/><trkpt lat="40.855586" lon="20.190125"/><trkpt lat="40.855481" lon="20.190177"/><trkpt lat="40.855394" lon="20.190209"/><trkpt lat="40.855177" lon="20.19024"/><trkpt lat="40.854959" lon="20.190275"/><trkpt lat="40.854873" lon="20.190275"/><trkpt lat="40.854809" lon="20.190253"/><trkpt lat="40.854752" lon="20.19021"/><trkpt lat="40.854715" lon="20.190164"/><trkpt lat="40.854689" lon="20.190103"/><trkpt lat="40.854683" lon="20.190025"/><trkpt lat="40.854684" lon="20.189952"/><trkpt lat="40.85474" lon="20.189744"/><trkpt lat="40.854758" lon="20.189662"/><trkpt lat="40.854763" lon="20.189576"/><trkpt lat="40.854754" lon="20.189489"/><trkpt lat="40.854734" lon="20.189407"/><trkpt lat="40.854698" lon="20.189338"/><trkpt lat="40.854661" lon="20.18929"/><trkpt lat="40.854609" lon="20.189256"/><trkpt lat="40.854568" lon="20.189245"/><trkpt lat="40.854496" lon="20.18926"/><trkpt lat="40.854422" lon="20.189291"/><trkpt lat="40.852537" lon="20.190106"/><trkpt lat="40.8523" lon="20.190228"/><trkpt lat="40.852195" lon="20.190255"/><trkpt lat="40.852087" lon="20.190263"/><trkpt lat="40.851973" lon="20.190251"/><trkpt lat="40.851581" lon="20.190155"/><trkpt lat="40.851053" lon="20.190107"/><trkpt lat="40.85083" lon="20.190071"/><trkpt lat="40.850644" lon="20.190029"/><trkpt lat="40.850408" lon="20.18995"/><trkpt lat="40.850234" lon="20.189881"/><trkpt lat="40.850047" lon="20.189776"/><trkpt lat="40.849741" lon="20.189568"/><trkpt lat="40.849571" lon="20.189436"/><trkpt lat="40.849205" lon="20.189145"/><trkpt lat="40.849162" lon="20.189113"/><trkpt lat="40.848865" lon="20.188899"/><trkpt lat="40.848784" lon="20.188848"/><trkpt lat="40.848508" lon="20.188672"/><trkpt lat="40.848204" lon="20.18852"/><trkpt lat="40.848036" lon="20.188454"/><trkpt lat="40.847882" lon="20.188407"/><trkpt lat="40.847648" lon="20.188349"/><trkpt lat="40.847487" lon="20.188291"/><trkpt lat="40.847014" lon="20.188055"/><trkpt lat="40.846897" lon="20.187984"/><trkpt lat="40.846796" lon="20.187913"/><trkpt lat="40.846586" lon="20.187725"/><trkpt lat="40.846488" lon="20.187649"/><trkpt lat="40.846387" lon="20.187604"/><trkpt lat="40.846297" lon="20.187574"/><trkpt lat="40.846199" lon="20.187557"/><trkpt lat="40.846122" lon="20.18753"/><trkpt lat="40.84598" lon="20.18747"/><trkpt lat="40.845873" lon="20.187434"/><trkpt lat="40.845702" lon="20.187409"/><trkpt lat="40.845624" lon="20.187414"/><trkpt lat="40.844873" lon="20.187315"/><trkpt lat="40.844787" lon="20.187289"/><trkpt lat="40.844709" lon="20.187239"/><trkpt lat="40.844649" lon="20.187173"/><trkpt lat="40.844543" lon="20.187012"/><trkpt lat="40.844465" lon="20.186916"/><trkpt lat="40.84439" lon="20.186838"/><trkpt lat="40.844303" lon="20.1868"/><trkpt lat="40.844202" lon="20.186787"/><trkpt lat="40.844067" lon="20.186791"/><trkpt lat="40.843865" lon="20.186817"/><trkpt lat="40.843785" lon="20.186819"/><trkpt lat="40.843724" lon="20.186806"/><trkpt lat="40.843667" lon="20.186778"/><trkpt lat="40.843604" lon="20.186693"/><trkpt lat="40.843539" lon="20.186568"/><trkpt lat="40.842521" lon="20.1846"/><trkpt lat="40.841514" lon="20.182675"/><trkpt lat="40.841216" lon="20.182157"/><trkpt lat="40.841107" lon="20.182017"/><trkpt lat="40.841057" lon="20.181981"/><trkpt lat="40.841002" lon="20.18196"/><trkpt lat="40.840897" lon="20.181962"/><trkpt lat="40.840793" lon="20.181987"/><trkpt lat="40.840625" lon="20.181892"/><trkpt lat="40.840586" lon="20.181861"/><trkpt lat="40.840566" lon="20.181818"/><trkpt lat="40.840561" lon="20.181782"/><trkpt lat="40.840577" lon="20.181737"/><trkpt lat="40.840626" lon="20.181697"/><trkpt lat="40.840783" lon="20.18164"/><trkpt lat="40.84103" lon="20.181501"/><trkpt lat="40.841112" lon="20.181489"/><trkpt lat="40.841192" lon="20.181502"/><trkpt lat="40.841282" lon="20.181501"/><trkpt lat="40.841336" lon="20.181478"/><trkpt lat="40.841373" lon="20.181432"/><trkpt lat="40.841376" lon="20.181392"/><trkpt lat="40.841365" lon="20.181348"/><trkpt lat="40.841328" lon="20.181303"/><trkpt lat="40.841268" lon="20.181291"/><trkpt lat="40.841207" lon="20.181291"/><trkpt lat="40.840577" lon="20.181442"/><trkpt lat="40.840531" lon="20.181426"/><trkpt lat="40.840501" lon="20.181393"/><trkpt lat="40.840494" lon="20.181327"/><trkpt lat="40.840514" lon="20.181271"/><trkpt lat="40.840563" lon="20.181236"/><trkpt lat="40.840774" lon="20.181181"/><trkpt lat="40.840921" lon="20.181134"/><trkpt lat="40.841148" lon="20.181105"/><trkpt lat="40.841574" lon="20.181"/><trkpt lat="40.841763" lon="20.180898"/><trkpt lat="40.841952" lon="20.180737"/><trkpt lat="40.84215" lon="20.180582"/><trkpt lat="40.84258" lon="20.180377"/><trkpt lat="40.842785" lon="20.180289"/><trkpt lat="40.843006" lon="20.180235"/><trkpt lat="40.843201" lon="20.180154"/><trkpt lat="40.843238" lon="20.180115"/><trkpt lat="40.843247" lon="20.180067"/><trkpt lat="40.843237" lon="20.180009"/><trkpt lat="40.843211" lon="20.179966"/><trkpt lat="40.84317" lon="20.179943"/><trkpt lat="40.843118" lon="20.179926"/><trkpt lat="40.843044" lon="20.179926"/><trkpt lat="40.842971" lon="20.179938"/><trkpt lat="40.842233" lon="20.180323"/><trkpt lat="40.842076" lon="20.180379"/><trkpt lat="40.841929" lon="20.180415"/><trkpt lat="40.841727" lon="20.180433"/><trkpt lat="40.841516" lon="20.180419"/><trkpt lat="40.841282" lon="20.180378"/><trkpt lat="40.841111" lon="20.180328"/><trkpt lat="40.840886" lon="20.180155"/><trkpt lat="40.840732" lon="20.180007"/><trkpt lat="40.840522" lon="20.179857"/><trkpt lat="40.840299" lon="20.179742"/><trkpt lat="40.840154" lon="20.179695"/><trkpt lat="40.839726" lon="20.179666"/><trkpt lat="40.83941" lon="20.179685"/><trkpt lat="40.839238" lon="20.17971"/><trkpt lat="40.839072" lon="20.179765"/><trkpt lat="40.838903" lon="20.179852"/><trkpt lat="40.8388" lon="20.179933"/><trkpt lat="40.83869" lon="20.180054"/><trkpt lat="40.838645" lon="20.180066"/><trkpt lat="40.838593" lon="20.180062"/><trkpt lat="40.838437" lon="20.179959"/><trkpt lat="40.838327" lon="20.179904"/><trkpt lat="40.838231" lon="20.179883"/><trkpt lat="40.838177" lon="20.179863"/><trkpt lat="40.838126" lon="20.17981"/><trkpt lat="40.83808" lon="20.179708"/><trkpt lat="40.838016" lon="20.179604"/><trkpt lat="40.837884" lon="20.179468"/><trkpt lat="40.837634" lon="20.179293"/><trkpt lat="40.837545" lon="20.179254"/><trkpt lat="40.83739" lon="20.179207"/><trkpt lat="40.837124" lon="20.179208"/><trkpt lat="40.837085" lon="20.1792"/><trkpt lat="40.837046" lon="20.179154"/><trkpt lat="40.837009" lon="20.17904"/><trkpt lat="40.836914" lon="20.178595"/><trkpt lat="40.836853" lon="20.178445"/><trkpt lat="40.836738" lon="20.178269"/><trkpt lat="40.836676" lon="20.178102"/><trkpt lat="40.836637" lon="20.177941"/><trkpt lat="40.836628" lon="20.177837"/><trkpt lat="40.836643" lon="20.177664"/><trkpt lat="40.836647" lon="20.177528"/><trkpt lat="40.836634" lon="20.177363"/><trkpt lat="40.836609" lon="20.177173"/><trkpt lat="40.836609" lon="20.177037"/><trkpt lat="40.836776" lon="20.176164"/><trkpt lat="40.836832" lon="20.176032"/><trkpt lat="40.837412" lon="20.175217"/><trkpt lat="40.837565" lon="20.17498"/><trkpt lat="40.837918" lon="20.174225"/><trkpt lat="40.837996" lon="20.174097"/><trkpt lat="40.838093" lon="20.173989"/><trkpt lat="40.838277" lon="20.173821"/><trkpt lat="40.838533" lon="20.173663"/><trkpt lat="40.839085" lon="20.173324"/><trkpt lat="40.839222" lon="20.17321"/><trkpt lat="40.839282" lon="20.173138"/><trkpt lat="40.83934" lon="20.172973"/><trkpt lat="40.839364" lon="20.172794"/><trkpt lat="40.839399" lon="20.172659"/><trkpt lat="40.839468" lon="20.172528"/><trkpt lat="40.83954" lon="20.172409"/><trkpt lat="40.839636" lon="20.172279"/><trkpt lat="40.839809" lon="20.172081"/><trkpt lat="40.839962" lon="20.171931"/><trkpt lat="40.840228" lon="20.171727"/><trkpt lat="40.840314" lon="20.171643"/><trkpt lat="40.840387" lon="20.171519"/><trkpt lat="40.84053" lon="20.171185"/><trkpt lat="40.840617" lon="20.171032"/><trkpt lat="40.840753" lon="20.170825"/><trkpt lat="40.840857" lon="20.170583"/><trkpt lat="40.840927" lon="20.17043"/><trkpt lat="40.841192" lon="20.170051"/><trkpt lat="40.841604" lon="20.169621"/><trkpt lat="40.841634" lon="20.169532"/><trkpt lat="40.841767" lon="20.168854"/><trkpt lat="40.841773" lon="20.168718"/><trkpt lat="40.841758" lon="20.168559"/><trkpt lat="40.841704" lon="20.168401"/><trkpt lat="40.841606" lon="20.168171"/><trkpt lat="40.841289" lon="20.167667"/><trkpt lat="40.841072" lon="20.167226"/><trkpt lat="40.841012" lon="20.167131"/><trkpt lat="40.840938" lon="20.167053"/><trkpt lat="40.840807" lon="20.166943"/><trkpt lat="40.840767" lon="20.166882"/><trkpt lat="40.840735" lon="20.166817"/><trkpt lat="40.840712" lon="20.166723"/><trkpt lat="40.840701" lon="20.166649"/><trkpt lat="40.840699" lon="20.166577"/><trkpt lat="40.840723" lon="20.166416"/><trkpt lat="40.840768" lon="20.166272"/><trkpt lat="40.840954" lon="20.165798"/><trkpt lat="40.841002" lon="20.165644"/><trkpt lat="40.841035" lon="20.165454"/><trkpt lat="40.841048" lon="20.165296"/><trkpt lat="40.841075" lon="20.165163"/><trkpt lat="40.84112" lon="20.165065"/><trkpt lat="40.841252" lon="20.164898"/><trkpt lat="40.841299" lon="20.164814"/><trkpt lat="40.841344" lon="20.164701"/><trkpt lat="40.841376" lon="20.164575"/><trkpt lat="40.841422" lon="20.164448"/><trkpt lat="40.841482" lon="20.164325"/><trkpt lat="40.841541" lon="20.164171"/><trkpt lat="40.84162" lon="20.163829"/><trkpt lat="40.84166" lon="20.16371"/><trkpt lat="40.841688" lon="20.163598"/><trkpt lat="40.841693" lon="20.163487"/><trkpt lat="40.841671" lon="20.163375"/><trkpt lat="40.841635" lon="20.163293"/><trkpt lat="40.84158" lon="20.163197"/><trkpt lat="40.841506" lon="20.16299"/><trkpt lat="40.841474" lon="20.162766"/><trkpt lat="40.841444" lon="20.162644"/><trkpt lat="40.841399" lon="20.162529"/><trkpt lat="40.841231" lon="20.16227"/><trkpt lat="40.841135" lon="20.162082"/><trkpt lat="40.841047" lon="20.161939"/><trkpt lat="40.840844" lon="20.161677"/><trkpt lat="40.840788" lon="20.161576"/><trkpt lat="40.840763" lon="20.161472"/><trkpt lat="40.840754" lon="20.161364"/><trkpt lat="40.840781" lon="20.161252"/><trkpt lat="40.84082" lon="20.161161"/><trkpt lat="40.840939" lon="20.16099"/><trkpt lat="40.841166" lon="20.160685"/><trkpt lat="40.841214" lon="20.160586"/><trkpt lat="40.841248" lon="20.160399"/><trkpt lat="40.8413" lon="20.160197"/><trkpt lat="40.84135" lon="20.160096"/><trkpt lat="40.841476" lon="20.159959"/><trkpt lat="40.841877" lon="20.159668"/><trkpt lat="40.841958" lon="20.159576"/><trkpt lat="40.842009" lon="20.159466"/><trkpt lat="40.842038" lon="20.15933"/><trkpt lat="40.842064" lon="20.159089"/><trkpt lat="40.8421" lon="20.158767"/><trkpt lat="40.842122" lon="20.158642"/><trkpt lat="40.842177" lon="20.158496"/><trkpt lat="40.842359" lon="20.158153"/><trkpt lat="40.842421" lon="20.158009"/><trkpt lat="40.842628" lon="20.157399"/><trkpt lat="40.842697" lon="20.157233"/><trkpt lat="40.842749" lon="20.157147"/><trkpt lat="40.842787" lon="20.157031"/><trkpt lat="40.842797" lon="20.156913"/><trkpt lat="40.842786" lon="20.156794"/><trkpt lat="40.842673" lon="20.156343"/><trkpt lat="40.842657" lon="20.156153"/><trkpt lat="40.842672" lon="20.156036"/><trkpt lat="40.842725" lon="20.155766"/><trkpt lat="40.842732" lon="20.155613"/><trkpt lat="40.842673" lon="20.15523"/><trkpt lat="40.842638" lon="20.154923"/><trkpt lat="40.842629" lon="20.154727"/><trkpt lat="40.842612" lon="20.154581"/><trkpt lat="40.842362" lon="20.153638"/><trkpt lat="40.842341" lon="20.153504"/><trkpt lat="40.842351" lon="20.153369"/><trkpt lat="40.842383" lon="20.153264"/><trkpt lat="40.842453" lon="20.153078"/><trkpt lat="40.842465" lon="20.15298"/><trkpt lat="40.842454" lon="20.152861"/><trkpt lat="40.842425" lon="20.152773"/><trkpt lat="40.842365" lon="20.15269"/><trkpt lat="40.842117" lon="20.152455"/><trkpt lat="40.84205" lon="20.152358"/><trkpt lat="40.84189" lon="20.152085"/><trkpt lat="40.841848" lon="20.151988"/><trkpt lat="40.841827" lon="20.151883"/><trkpt lat="40.841839" lon="20.151763"/><trkpt lat="40.841878" lon="20.151644"/><trkpt lat="40.84193" lon="20.151543"/><trkpt lat="40.841992" lon="20.151457"/><trkpt lat="40.842172" lon="20.151354"/><trkpt lat="40.842209" lon="20.151317"/><trkpt lat="40.842226" lon="20.151278"/><trkpt lat="40.842232" lon="20.151221"/><trkpt lat="40.842225" lon="20.15116"/><trkpt lat="40.842033" lon="20.15073"/><trkpt lat="40.842011" lon="20.150637"/><trkpt lat="40.842008" lon="20.150554"/><trkpt lat="40.84202" lon="20.150461"/><trkpt lat="40.842051" lon="20.150392"/><trkpt lat="40.842094" lon="20.150331"/><trkpt lat="40.842146" lon="20.150278"/><trkpt lat="40.842214" lon="20.150232"/><trkpt lat="40.842277" lon="20.150204"/><trkpt lat="40.842462" lon="20.150155"/><trkpt lat="40.842543" lon="20.150109"/><trkpt lat="40.842585" lon="20.150052"/><trkpt lat="40.842612" lon="20.149989"/><trkpt lat="40.842616" lon="20.149918"/><trkpt lat="40.842605" lon="20.149816"/><trkpt lat="40.842423" lon="20.149336"/><trkpt lat="40.842307" lon="20.148975"/><trkpt lat="40.842263" lon="20.14879"/><trkpt lat="40.842251" lon="20.14869"/><trkpt lat="40.842259" lon="20.148605"/><trkpt lat="40.842299" lon="20.14844"/><trkpt lat="40.842297" lon="20.148346"/><trkpt lat="40.842274" lon="20.148231"/><trkpt lat="40.842239" lon="20.148118"/><trkpt lat="40.842188" lon="20.148019"/><trkpt lat="40.842093" lon="20.147891"/><trkpt lat="40.842052" lon="20.147805"/><trkpt lat="40.842025" lon="20.147711"/><trkpt lat="40.841974" lon="20.147378"/><trkpt lat="40.841936" lon="20.147267"/><trkpt lat="40.841867" lon="20.147121"/><trkpt lat="40.841843" lon="20.147042"/><trkpt lat="40.841801" lon="20.146779"/><trkpt lat="40.841773" lon="20.146667"/><trkpt lat="40.841566" lon="20.146212"/><trkpt lat="40.841509" lon="20.146134"/><trkpt lat="40.841441" lon="20.146068"/><trkpt lat="40.841284" lon="20.145977"/><trkpt lat="40.841234" lon="20.145938"/><trkpt lat="40.841187" lon="20.145884"/><trkpt lat="40.84097" lon="20.14557"/><trkpt lat="40.840933" lon="20.145499"/><trkpt lat="40.84092" lon="20.14542"/><trkpt lat="40.840918" lon="20.145349"/><trkpt lat="40.840946" lon="20.145279"/><trkpt lat="40.840982" lon="20.145225"/><trkpt lat="40.841201" lon="20.145016"/><trkpt lat="40.841635" lon="20.144663"/><trkpt lat="40.841682" lon="20.144612"/><trkpt lat="40.841706" lon="20.144548"/><trkpt lat="40.841719" lon="20.144456"/><trkpt lat="40.841714" lon="20.144379"/><trkpt lat="40.841697" lon="20.144303"/><trkpt lat="40.841643" lon="20.144144"/><trkpt lat="40.841621" lon="20.144057"/><trkpt lat="40.841613" lon="20.143957"/><trkpt lat="40.841624" lon="20.143883"/><trkpt lat="40.841649" lon="20.143822"/><trkpt lat="40.841727" lon="20.143702"/><trkpt lat="40.841746" lon="20.143646"/><trkpt lat="40.841755" lon="20.143584"/><trkpt lat="40.84175" lon="20.143501"/><trkpt lat="40.841717" lon="20.143417"/><trkpt lat="40.841606" lon="20.14322"/><trkpt lat="40.841583" lon="20.143169"/><trkpt lat="40.841576" lon="20.143121"/><trkpt lat="40.841577" lon="20.143074"/><trkpt lat="40.84159" lon="20.143034"/><trkpt lat="40.841629" lon="20.142993"/><trkpt lat="40.841677" lon="20.142969"/><trkpt lat="40.842351" lon="20.142721"/><trkpt lat="40.842456" lon="20.142668"/><trkpt lat="40.843034" lon="20.142198"/><trkpt lat="40.843205" lon="20.142093"/><trkpt lat="40.8433" lon="20.142023"/><trkpt lat="40.843388" lon="20.141931"/><trkpt lat="40.843566" lon="20.141706"/><trkpt lat="40.843681" lon="20.141612"/><trkpt lat="40.843779" lon="20.141552"/><trkpt lat="40.843852" lon="20.141508"/><trkpt lat="40.843978" lon="20.141399"/><trkpt lat="40.844171" lon="20.141187"/><trkpt lat="40.844274" lon="20.141058"/><trkpt lat="40.844364" lon="20.140989"/><trkpt lat="40.844624" lon="20.14088"/><trkpt lat="40.844771" lon="20.140795"/><trkpt lat="40.845025" lon="20.140624"/><trkpt lat="40.845229" lon="20.140442"/><trkpt lat="40.845448" lon="20.140217"/><trkpt lat="40.845517" lon="20.140187"/><trkpt lat="40.845588" lon="20.14018"/><trkpt lat="40.845727" lon="20.140219"/><trkpt lat="40.845816" lon="20.140217"/><trkpt lat="40.845908" lon="20.140181"/><trkpt lat="40.845984" lon="20.140125"/><trkpt lat="40.846036" lon="20.140077"/><trkpt lat="40.846071" lon="20.140004"/><trkpt lat="40.846088" lon="20.139908"/><trkpt lat="40.84609" lon="20.139803"/><trkpt lat="40.84608" lon="20.139685"/><trkpt lat="40.846081" lon="20.139548"/><trkpt lat="40.8461" lon="20.139407"/><trkpt lat="40.846129" lon="20.139283"/><trkpt lat="40.846234" lon="20.138949"/><trkpt lat="40.846252" lon="20.138833"/><trkpt lat="40.846284" lon="20.138351"/><trkpt lat="40.846303" lon="20.138167"/><trkpt lat="40.846335" lon="20.138026"/><trkpt lat="40.846375" lon="20.137924"/><trkpt lat="40.846474" lon="20.13772"/><trkpt lat="40.846507" lon="20.137609"/><trkpt lat="40.846518" lon="20.137496"/><trkpt lat="40.846521" lon="20.137183"/><trkpt lat="40.846533" lon="20.137084"/><trkpt lat="40.846569" lon="20.136954"/><trkpt lat="40.846627" lon="20.136816"/><trkpt lat="40.846777" lon="20.136559"/><trkpt lat="40.846852" lon="20.136408"/><trkpt lat="40.846905" lon="20.136264"/><trkpt lat="40.84695" lon="20.136118"/><trkpt lat="40.846984" lon="20.135971"/><trkpt lat="40.847022" lon="20.135738"/><trkpt lat="40.847041" lon="20.135535"/><trkpt lat="40.847056" lon="20.135288"/><trkpt lat="40.84708" lon="20.134936"/><trkpt lat="40.847101" lon="20.134547"/><trkpt lat="40.847042" lon="20.134346"/><trkpt lat="40.846813" lon="20.134107"/><trkpt lat="40.846694" lon="20.133924"/><trkpt lat="40.846724" lon="20.133563"/><trkpt lat="40.846697" lon="20.133447"/><trkpt lat="40.846555" lon="20.133266"/><trkpt lat="40.846454" lon="20.132965"/><trkpt lat="40.84642" lon="20.132609"/><trkpt lat="40.846312" lon="20.132345"/><trkpt lat="40.846146" lon="20.132191"/><trkpt lat="40.845925" lon="20.132213"/><trkpt lat="40.845653" lon="20.132241"/><trkpt lat="40.84548" lon="20.132185"/><trkpt lat="40.845164" lon="20.13199"/><trkpt lat="40.845096" lon="20.13189"/><trkpt lat="40.845067" lon="20.131751"/><trkpt lat="40.845358" lon="20.130636"/><trkpt lat="40.845358" lon="20.13048"/><trkpt lat="40.845248" lon="20.130213"/><trkpt lat="40.845231" lon="20.129996"/><trkpt lat="40.845341" lon="20.129634"/><trkpt lat="40.845387" lon="20.129388"/><trkpt lat="40.845295" lon="20.129177"/><trkpt lat="40.84521" lon="20.128926"/><trkpt lat="40.845248" lon="20.128581"/><trkpt lat="40.845324" lon="20.128413"/><trkpt lat="40.845311" lon="20.128163"/><trkpt lat="40.845497" lon="20.12775"/><trkpt lat="40.845649" lon="20.127372"/><trkpt lat="40.845619" lon="20.127294"/><trkpt lat="40.845497" lon="20.127188"/><trkpt lat="40.845451" lon="20.127087"/><trkpt lat="40.84548" lon="20.126876"/><trkpt lat="40.845472" lon="20.12677"/><trkpt lat="40.845387" lon="20.126709"/><trkpt lat="40.84516" lon="20.126781"/><trkpt lat="40.844941" lon="20.126826"/><trkpt lat="40.844827" lon="20.126775"/><trkpt lat="40.844696" lon="20.126257"/><trkpt lat="40.844696" lon="20.126062"/><trkpt lat="40.844844" lon="20.125617"/><trkpt lat="40.844865" lon="20.125427"/><trkpt lat="40.844793" lon="20.125293"/><trkpt lat="40.844452" lon="20.125327"/><trkpt lat="40.84427" lon="20.125193"/><trkpt lat="40.843904" lon="20.124837"/><trkpt lat="40.843841" lon="20.124686"/><trkpt lat="40.843815" lon="20.124508"/><trkpt lat="40.843857" lon="20.124296"/><trkpt lat="40.843857" lon="20.123706"/><trkpt lat="40.843819" lon="20.123566"/><trkpt lat="40.843689" lon="20.123589"/><trkpt lat="40.843617" lon="20.123706"/><trkpt lat="40.843436" lon="20.12419"/><trkpt lat="40.843217" lon="20.124313"/><trkpt lat="40.843145" lon="20.124536"/><trkpt lat="40.843107" lon="20.124931"/><trkpt lat="40.843086" lon="20.125082"/><trkpt lat="40.843006" lon="20.125149"/><trkpt lat="40.842905" lon="20.12511"/><trkpt lat="40.84288" lon="20.124864"/><trkpt lat="40.842743" lon="20.124188"/><trkpt lat="40.842835" lon="20.123846"/><trkpt lat="40.842881" lon="20.123349"/><trkpt lat="40.84304" lon="20.122407"/><trkpt lat="40.843128" lon="20.122151"/><trkpt lat="40.843335" lon="20.121939"/><trkpt lat="40.843301" lon="20.121744"/><trkpt lat="40.843242" lon="20.121678"/><trkpt lat="40.843111" lon="20.121661"/><trkpt lat="40.843019" lon="20.121705"/><trkpt lat="40.842821" lon="20.122196"/><trkpt lat="40.842719" lon="20.12224"/><trkpt lat="40.842639" lon="20.122134"/><trkpt lat="40.842639" lon="20.12175"/><trkpt lat="40.842791" lon="20.121109"/><trkpt lat="40.842871" lon="20.120608"/><trkpt lat="40.842774" lon="20.119889"/><trkpt lat="40.842774" lon="20.11951"/><trkpt lat="40.842888" lon="20.118964"/><trkpt lat="40.842892" lon="20.118507"/><trkpt lat="40.842955" lon="20.11819"/><trkpt lat="40.842799" lon="20.117661"/><trkpt lat="40.842791" lon="20.117499"/><trkpt lat="40.842968" lon="20.117193"/><trkpt lat="40.843031" lon="20.116741"/><trkpt lat="40.84304" lon="20.11639"/><trkpt lat="40.84285" lon="20.116151"/><trkpt lat="40.84269" lon="20.116023"/><trkpt lat="40.842348" lon="20.116067"/><trkpt lat="40.842294" lon="20.116"/><trkpt lat="40.84215" lon="20.115672"/><trkpt lat="40.841965" lon="20.115192"/><trkpt lat="40.841914" lon="20.114925"/><trkpt lat="40.841801" lon="20.114853"/><trkpt lat="40.841409" lon="20.114763"/><trkpt lat="40.841282" lon="20.114513"/><trkpt lat="40.841173" lon="20.114418"/><trkpt lat="40.841046" lon="20.114557"/><trkpt lat="40.840827" lon="20.114892"/><trkpt lat="40.840515" lon="20.115616"/><trkpt lat="40.839866" lon="20.116357"/><trkpt lat="40.839145" lon="20.116674"/><trkpt lat="40.838947" lon="20.11673"/><trkpt lat="40.838873" lon="20.116659"/><trkpt lat="40.838804" lon="20.116591"/><trkpt lat="40.83869" lon="20.116385"/><trkpt lat="40.838703" lon="20.115995"/><trkpt lat="40.839242" lon="20.11522"/><trkpt lat="40.83936" lon="20.114741"/><trkpt lat="40.839322" lon="20.114485"/><trkpt lat="40.839356" lon="20.113727"/><trkpt lat="40.839478" lon="20.113259"/><trkpt lat="40.839457" lon="20.113092"/><trkpt lat="40.838922" lon="20.112357"/><trkpt lat="40.838955" lon="20.112206"/><trkpt lat="40.839171" lon="20.111751"/><trkpt lat="40.839343" lon="20.111142"/><trkpt lat="40.839357" lon="20.111049"/><trkpt lat="40.83941" lon="20.110927"/><trkpt lat="40.839495" lon="20.110841"/><trkpt lat="40.839507" lon="20.110766"/><trkpt lat="40.839487" lon="20.110655"/><trkpt lat="40.839444" lon="20.110596"/><trkpt lat="40.839202" lon="20.110407"/><trkpt lat="40.839107" lon="20.110263"/><trkpt lat="40.838955" lon="20.110139"/><trkpt lat="40.838858" lon="20.110042"/><trkpt lat="40.838839" lon="20.109888"/><trkpt lat="40.838847" lon="20.109714"/><trkpt lat="40.838873" lon="20.109566"/><trkpt lat="40.838883" lon="20.10947"/><trkpt lat="40.838843" lon="20.109387"/><trkpt lat="40.838779" lon="20.109335"/><trkpt lat="40.838706" lon="20.109338"/><trkpt lat="40.838419" lon="20.109582"/><trkpt lat="40.838343" lon="20.10969"/><trkpt lat="40.838208" lon="20.109825"/><trkpt lat="40.838118" lon="20.109883"/><trkpt lat="40.837948" lon="20.109865"/><trkpt lat="40.83782" lon="20.109867"/><trkpt lat="40.837655" lon="20.109926"/><trkpt lat="40.83752" lon="20.110015"/><trkpt lat="40.837442" lon="20.110025"/><trkpt lat="40.837403" lon="20.109928"/><trkpt lat="40.837415" lon="20.109794"/><trkpt lat="40.83747" lon="20.109611"/><trkpt lat="40.837621" lon="20.109471"/><trkpt lat="40.837667" lon="20.109329"/><trkpt lat="40.837692" lon="20.109176"/><trkpt lat="40.837659" lon="20.109003"/><trkpt lat="40.837313" lon="20.108384"/><trkpt lat="40.837145" lon="20.10776"/><trkpt lat="40.836993" lon="20.107259"/><trkpt lat="40.83693" lon="20.106841"/><trkpt lat="40.8369" lon="20.106585"/><trkpt lat="40.836816" lon="20.106401"/><trkpt lat="40.836635" lon="20.106356"/><trkpt lat="40.836407" lon="20.106568"/><trkpt lat="40.836314" lon="20.106791"/><trkpt lat="40.836066" lon="20.107019"/><trkpt lat="40.835918" lon="20.107103"/><trkpt lat="40.835492" lon="20.106947"/><trkpt lat="40.83523" lon="20.106816"/><trkpt lat="40.835041" lon="20.106757"/><trkpt lat="40.834909" lon="20.106787"/><trkpt lat="40.833909" lon="20.107184"/><trkpt lat="40.833584" lon="20.107356"/><trkpt lat="40.833506" lon="20.107331"/><trkpt lat="40.833384" lon="20.107222"/><trkpt lat="40.833195" lon="20.106969"/><trkpt lat="40.833035" lon="20.106802"/><trkpt lat="40.832975" lon="20.106807"/><trkpt lat="40.832938" lon="20.106863"/><trkpt lat="40.83292" lon="20.10701"/><trkpt lat="40.832988" lon="20.107459"/><trkpt lat="40.833011" lon="20.107896"/><trkpt lat="40.832993" lon="20.108429"/><trkpt lat="40.832876" lon="20.108835"/><trkpt lat="40.832792" lon="20.109049"/><trkpt lat="40.832741" lon="20.109118"/><trkpt lat="40.832678" lon="20.1091"/><trkpt lat="40.83263" lon="20.109045"/><trkpt lat="40.83259" lon="20.108723"/><trkpt lat="40.832537" lon="20.108194"/><trkpt lat="40.832467" lon="20.107971"/><trkpt lat="40.832377" lon="20.107817"/><trkpt lat="40.832297" lon="20.107727"/><trkpt lat="40.832216" lon="20.107706"/><trkpt lat="40.832044" lon="20.10771"/><trkpt lat="40.831895" lon="20.107574"/><trkpt lat="40.83182" lon="20.107563"/><trkpt lat="40.831739" lon="20.107577"/><trkpt lat="40.831581" lon="20.107705"/><trkpt lat="40.831475" lon="20.107827"/><trkpt lat="40.831193" lon="20.108568"/><trkpt lat="40.830864" lon="20.109003"/><trkpt lat="40.83051" lon="20.109487"/><trkpt lat="40.830387" lon="20.109705"/><trkpt lat="40.830143" lon="20.109716"/><trkpt lat="40.829962" lon="20.109599"/><trkpt lat="40.829839" lon="20.109264"/><trkpt lat="40.82949" lon="20.109025"/><trkpt lat="40.829371" lon="20.108874"/><trkpt lat="40.828937" lon="20.108724"/><trkpt lat="40.828554" lon="20.10893"/><trkpt lat="40.828347" lon="20.108958"/><trkpt lat="40.827563" lon="20.108735"/><trkpt lat="40.827099" lon="20.108468"/><trkpt lat="40.826589" lon="20.108412"/><trkpt lat="40.82629" lon="20.108289"/><trkpt lat="40.825881" lon="20.108189"/><trkpt lat="40.825781" lon="20.107998"/><trkpt lat="40.825718" lon="20.10782"/><trkpt lat="40.825706" lon="20.107669"/><trkpt lat="40.82565" lon="20.10759"/><trkpt lat="40.825555" lon="20.107545"/><trkpt lat="40.825476" lon="20.107562"/><trkpt lat="40.8254" lon="20.107665"/><trkpt lat="40.825369" lon="20.107882"/><trkpt lat="40.825366" lon="20.108094"/><trkpt lat="40.82538" lon="20.108379"/><trkpt lat="40.825335" lon="20.108572"/><trkpt lat="40.825263" lon="20.108738"/><trkpt lat="40.825173" lon="20.108908"/><trkpt lat="40.824652" lon="20.109423"/><trkpt lat="40.824578" lon="20.109479"/><trkpt lat="40.824464" lon="20.109474"/><trkpt lat="40.824392" lon="20.109423"/><trkpt lat="40.824327" lon="20.109141"/><trkpt lat="40.82426" lon="20.109006"/><trkpt lat="40.824197" lon="20.108855"/><trkpt lat="40.824187" lon="20.108562"/><trkpt lat="40.824137" lon="20.10843"/><trkpt lat="40.824022" lon="20.108252"/><trkpt lat="40.82398" lon="20.108174"/><trkpt lat="40.823961" lon="20.108013"/><trkpt lat="40.823917" lon="20.107938"/><trkpt lat="40.823861" lon="20.107867"/><trkpt lat="40.82379" lon="20.107872"/><trkpt lat="40.823351" lon="20.107802"/><trkpt lat="40.823213" lon="20.107757"/><trkpt lat="40.823119" lon="20.107655"/><trkpt lat="40.822765" lon="20.107086"/><trkpt lat="40.822683" lon="20.106971"/><trkpt lat="40.822661" lon="20.106863"/><trkpt lat="40.822699" lon="20.106719"/><trkpt lat="40.822785" lon="20.1066"/><trkpt lat="40.823071" lon="20.106237"/><trkpt lat="40.823118" lon="20.106104"/><trkpt lat="40.823132" lon="20.106"/><trkpt lat="40.823128" lon="20.105883"/><trkpt lat="40.823069" lon="20.10581"/><trkpt lat="40.822986" lon="20.105788"/><trkpt lat="40.822756" lon="20.105815"/><trkpt lat="40.822708" lon="20.10575"/><trkpt lat="40.822841" lon="20.105554"/><trkpt lat="40.823027" lon="20.105047"/><trkpt lat="40.822985" lon="20.104473"/><trkpt lat="40.823136" lon="20.103799"/><trkpt lat="40.823276" lon="20.102546"/><trkpt lat="40.823297" lon="20.102005"/><trkpt lat="40.823221" lon="20.101827"/><trkpt lat="40.823098" lon="20.102223"/><trkpt lat="40.823001" lon="20.102579"/><trkpt lat="40.822846" lon="20.102763"/><trkpt lat="40.822748" lon="20.103543"/><trkpt lat="40.821884" lon="20.104529"/><trkpt lat="40.821779" lon="20.104674"/><trkpt lat="40.821598" lon="20.104384"/><trkpt lat="40.821328" lon="20.104017"/><trkpt lat="40.820691" lon="20.10402"/><trkpt lat="40.820329" lon="20.104327"/><trkpt lat="40.820232" lon="20.104237"/><trkpt lat="40.820177" lon="20.104065"/><trkpt lat="40.820527" lon="20.103519"/><trkpt lat="40.820691" lon="20.102923"/><trkpt lat="40.82075" lon="20.102566"/><trkpt lat="40.820877" lon="20.102293"/><trkpt lat="40.820763" lon="20.102076"/><trkpt lat="40.820434" lon="20.101925"/><trkpt lat="40.820329" lon="20.101502"/><trkpt lat="40.820548" lon="20.100337"/><trkpt lat="40.820704" lon="20.09978"/><trkpt lat="40.820582" lon="20.099424"/><trkpt lat="40.820447" lon="20.099323"/><trkpt lat="40.819861" lon="20.099318"/><trkpt lat="40.819692" lon="20.099234"/><trkpt lat="40.819625" lon="20.098605"/><trkpt lat="40.819857" lon="20.098003"/><trkpt lat="40.820084" lon="20.097635"/><trkpt lat="40.820131" lon="20.097307"/><trkpt lat="40.820026" lon="20.096885"/><trkpt lat="40.820037" lon="20.096565"/><trkpt lat="40.820159" lon="20.096387"/><trkpt lat="40.820384" lon="20.096403"/><trkpt lat="40.820748" lon="20.096282"/><trkpt lat="40.821101" lon="20.09635"/><trkpt lat="40.821443" lon="20.096503"/><trkpt lat="40.821574" lon="20.096463"/><trkpt lat="40.821778" lon="20.096214"/><trkpt lat="40.822119" lon="20.09606"/><trkpt lat="40.822339" lon="20.09606"/><trkpt lat="40.822615" lon="20.095838"/><trkpt lat="40.82315" lon="20.095798"/><trkpt lat="40.823214" lon="20.095667"/><trkpt lat="40.823232" lon="20.095405"/><trkpt lat="40.823521" lon="20.095085"/><trkpt lat="40.824254" lon="20.094857"/><trkpt lat="40.824633" lon="20.094601"/><trkpt lat="40.824754" lon="20.094698"/><trkpt lat="40.825022" lon="20.09512"/><trkpt lat="40.825341" lon="20.095405"/><trkpt lat="40.825794" lon="20.095462"/><trkpt lat="40.826126" lon="20.095399"/><trkpt lat="40.826436" lon="20.095519"/><trkpt lat="40.826527" lon="20.095752"/><trkpt lat="40.826471" lon="20.096242"/><trkpt lat="40.826536" lon="20.096356"/><trkpt lat="40.826868" lon="20.096282"/><trkpt lat="40.827049" lon="20.096374"/><trkpt lat="40.827256" lon="20.097035"/><trkpt lat="40.827286" lon="20.097223"/><trkpt lat="40.827407" lon="20.097445"/><trkpt lat="40.82751" lon="20.097764"/><trkpt lat="40.827614" lon="20.097753"/><trkpt lat="40.827821" lon="20.097519"/><trkpt lat="40.828075" lon="20.097394"/><trkpt lat="40.828412" lon="20.097462"/><trkpt lat="40.828782" lon="20.097274"/><trkpt lat="40.828925" lon="20.097588"/><trkpt lat="40.829171" lon="20.097964"/><trkpt lat="40.829572" lon="20.098123"/><trkpt lat="40.830956" lon="20.098414"/><trkpt lat="40.831426" lon="20.098374"/><trkpt lat="40.832366" lon="20.098631"/><trkpt lat="40.832729" lon="20.098745"/><trkpt lat="40.832931" lon="20.098836"/><trkpt lat="40.833151" lon="20.09871"/><trkpt lat="40.833315" lon="20.098414"/><trkpt lat="40.83338" lon="20.098078"/><trkpt lat="40.833367" lon="20.097542"/><trkpt lat="40.833526" lon="20.097023"/><trkpt lat="40.833828" lon="20.096727"/><trkpt lat="40.833759" lon="20.096248"/><trkpt lat="40.833992" lon="20.095866"/><trkpt lat="40.833772" lon="20.095467"/><trkpt lat="40.833768" lon="20.095171"/><trkpt lat="40.833462" lon="20.094772"/><trkpt lat="40.83341" lon="20.094453"/><trkpt lat="40.833419" lon="20.093717"/><trkpt lat="40.833143" lon="20.092629"/><trkpt lat="40.832707" lon="20.091563"/><trkpt lat="40.832475" lon="20.091393"/><trkpt lat="40.832131" lon="20.091219"/><trkpt lat="40.831771" lon="20.090268"/><trkpt lat="40.83218" lon="20.089063"/><trkpt lat="40.832094" lon="20.088999"/><trkpt lat="40.831838" lon="20.089216"/><trkpt lat="40.831719" lon="20.089547"/><trkpt lat="40.831628" lon="20.089539"/><trkpt lat="40.831676" lon="20.089023"/><trkpt lat="40.831817" lon="20.08868"/><trkpt lat="40.832106" lon="20.088495"/><trkpt lat="40.832372" lon="20.088128"/><trkpt lat="40.832509" lon="20.08814"/><trkpt lat="40.832725" lon="20.088495"/><trkpt lat="40.833049" lon="20.088547"/><trkpt lat="40.833311" lon="20.088483"/><trkpt lat="40.833625" lon="20.088092"/><trkpt lat="40.833954" lon="20.086959"/><trkpt lat="40.83404" lon="20.086488"/><trkpt lat="40.834046" lon="20.085819"/><trkpt lat="40.834213" lon="20.085202"/><trkpt lat="40.83421" lon="20.084908"/><trkpt lat="40.834092" lon="20.084666"/><trkpt lat="40.833835" lon="20.08438"/><trkpt lat="40.833851" lon="20.084211"/><trkpt lat="40.834037" lon="20.083993"/><trkpt lat="40.834125" lon="20.083578"/><trkpt lat="40.834122" lon="20.083227"/><trkpt lat="40.833973" lon="20.082873"/><trkpt lat="40.833967" lon="20.082063"/><trkpt lat="40.834259" lon="20.081635"/><trkpt lat="40.834601" lon="20.081373"/><trkpt lat="40.835186" lon="20.081172"/><trkpt lat="40.835848" lon="20.080777"/><trkpt lat="40.836028" lon="20.080769"/><trkpt lat="40.83606" lon="20.080724"/><trkpt lat="40.836058" lon="20.080656"/><trkpt lat="40.836012" lon="20.080585"/><trkpt lat="40.835766" lon="20.080508"/><trkpt lat="40.835738" lon="20.080467"/><trkpt lat="40.835735" lon="20.080434"/><trkpt lat="40.835759" lon="20.080378"/><trkpt lat="40.836278" lon="20.080426"/><trkpt lat="40.836308" lon="20.080413"/><trkpt lat="40.836316" lon="20.080375"/><trkpt lat="40.836305" lon="20.08033"/><trkpt lat="40.836053" lon="20.080247"/><trkpt lat="40.836014" lon="20.080218"/><trkpt lat="40.835811" lon="20.079753"/><trkpt lat="40.835796" lon="20.079681"/><trkpt lat="40.835983" lon="20.079095"/><trkpt lat="40.835988" lon="20.07902"/><trkpt lat="40.835897" lon="20.078036"/><trkpt lat="40.835921" lon="20.076988"/><trkpt lat="40.835863" lon="20.076775"/><trkpt lat="40.835773" lon="20.076645"/><trkpt lat="40.835693" lon="20.076595"/><trkpt lat="40.835601" lon="20.076618"/><trkpt lat="40.835519" lon="20.076694"/><trkpt lat="40.835445" lon="20.07671"/><trkpt lat="40.835411" lon="20.076685"/><trkpt lat="40.8354" lon="20.076631"/><trkpt lat="40.835463" lon="20.076452"/><trkpt lat="40.835461" lon="20.076384"/><trkpt lat="40.83542" lon="20.076286"/><trkpt lat="40.835162" lon="20.07603"/><trkpt lat="40.835113" lon="20.075924"/><trkpt lat="40.835028" lon="20.075578"/><trkpt lat="40.835098" lon="20.075219"/><trkpt lat="40.835195" lon="20.074941"/><trkpt lat="40.835177" lon="20.074445"/><trkpt lat="40.83522" lon="20.074377"/><trkpt lat="40.835387" lon="20.074385"/><trkpt lat="40.835686" lon="20.073627"/><trkpt lat="40.835619" lon="20.073514"/><trkpt lat="40.835186" lon="20.073591"/><trkpt lat="40.834799" lon="20.073873"/><trkpt lat="40.834713" lon="20.073817"/><trkpt lat="40.834753" lon="20.073635"/><trkpt lat="40.835107" lon="20.073123"/><trkpt lat="40.835086" lon="20.073002"/><trkpt lat="40.834927" lon="20.072902"/><trkpt lat="40.834872" lon="20.072793"/><trkpt lat="40.834927" lon="20.072712"/><trkpt lat="40.835107" lon="20.072777"/><trkpt lat="40.835339" lon="20.072515"/><trkpt lat="40.835631" lon="20.072297"/><trkpt lat="40.835964" lon="20.072321"/><trkpt lat="40.835964" lon="20.0722"/><trkpt lat="40.835662" lon="20.071938"/><trkpt lat="40.83558" lon="20.071664"/><trkpt lat="40.835653" lon="20.071273"/><trkpt lat="40.835805" lon="20.070878"/><trkpt lat="40.835793" lon="20.070419"/><trkpt lat="40.835888" lon="20.069972"/><trkpt lat="40.836464" lon="20.068859"/><trkpt lat="40.836488" lon="20.068368"/><trkpt lat="40.836674" lon="20.067888"/><trkpt lat="40.836845" lon="20.066949"/><trkpt lat="40.836985" lon="20.066739"/><trkpt lat="40.837409" lon="20.066494"/><trkpt lat="40.837592" lon="20.066147"/><trkpt lat="40.837613" lon="20.065792"/><trkpt lat="40.837516" lon="20.065595"/><trkpt lat="40.837437" lon="20.065494"/><trkpt lat="40.837373" lon="20.065055"/><trkpt lat="40.837415" lon="20.064707"/><trkpt lat="40.837687" lon="20.063909"/><trkpt lat="40.838243" lon="20.063621"/><trkpt lat="40.838465" lon="20.063019"/><trkpt lat="40.838728" lon="20.062692"/><trkpt lat="40.838724" lon="20.062578"/><trkpt lat="40.8385" lon="20.062193"/><trkpt lat="40.838461" lon="20.061663"/><trkpt lat="40.838541" lon="20.061327"/><trkpt lat="40.838517" lon="20.061027"/><trkpt lat="40.838213" lon="20.0604"/><trkpt lat="40.838144" lon="20.060016"/><trkpt lat="40.83818" lon="20.059682"/><trkpt lat="40.838308" lon="20.059352"/><trkpt lat="40.838305" lon="20.059095"/><trkpt lat="40.838239" lon="20.058873"/><trkpt lat="40.838398" lon="20.058263"/><trkpt lat="40.838366" lon="20.058049"/><trkpt lat="40.838152" lon="20.057565"/><trkpt lat="40.83765" lon="20.05669"/><trkpt lat="40.837253" lon="20.056077"/><trkpt lat="40.836891" lon="20.05577"/><trkpt lat="40.836128" lon="20.054936"/><trkpt lat="40.835659" lon="20.054597"/><trkpt lat="40.835415" lon="20.054477"/><trkpt lat="40.835" lon="20.054057"/><trkpt lat="40.835003" lon="20.053396"/><trkpt lat="40.834698" lon="20.052615"/><trkpt lat="40.834192" lon="20.052123"/><trkpt lat="40.834113" lon="20.051994"/><trkpt lat="40.834043" lon="20.051514"/><trkpt lat="40.833844" lon="20.051139"/><trkpt lat="40.833756" lon="20.050861"/><trkpt lat="40.833802" lon="20.050523"/><trkpt lat="40.833869" lon="20.050241"/><trkpt lat="40.833789" lon="20.050003"/><trkpt lat="40.833454" lon="20.049423"/><trkpt lat="40.833323" lon="20.049346"/><trkpt lat="40.833" lon="20.049205"/><trkpt lat="40.832844" lon="20.048999"/><trkpt lat="40.832637" lon="20.048653"/><trkpt lat="40.832371" lon="20.04827"/><trkpt lat="40.832292" lon="20.048008"/><trkpt lat="40.832222" lon="20.047581"/><trkpt lat="40.831679" lon="20.046497"/><trkpt lat="40.83163" lon="20.046251"/><trkpt lat="40.831774" lon="20.045594"/><trkpt lat="40.831954" lon="20.045316"/><trkpt lat="40.832234" lon="20.045078"/><trkpt lat="40.83242" lon="20.045114"/><trkpt lat="40.832561" lon="20.045098"/><trkpt lat="40.832576" lon="20.045046"/><trkpt lat="40.832164" lon="20.044526"/><trkpt lat="40.832027" lon="20.044163"/><trkpt lat="40.831804" lon="20.04374"/><trkpt lat="40.831783" lon="20.043313"/><trkpt lat="40.831637" lon="20.042914"/><trkpt lat="40.831542" lon="20.042865"/><trkpt lat="40.831353" lon="20.042857"/><trkpt lat="40.831054" lon="20.042672"/><trkpt lat="40.830734" lon="20.042386"/><trkpt lat="40.830578" lon="20.042128"/><trkpt lat="40.830353" lon="20.042208"/><trkpt lat="40.830087" lon="20.042091"/><trkpt lat="40.829981" lon="20.041934"/><trkpt lat="40.829926" lon="20.041793"/><trkpt lat="40.829819" lon="20.041854"/><trkpt lat="40.829752" lon="20.04216"/><trkpt lat="40.82952" lon="20.042515"/><trkpt lat="40.829377" lon="20.042656"/><trkpt lat="40.82948" lon="20.043079"/><trkpt lat="40.829426" lon="20.043284"/><trkpt lat="40.829065" lon="20.043838"/><trkpt lat="40.828956" lon="20.043969"/><trkpt lat="40.828833" lon="20.044168"/><trkpt lat="40.828793" lon="20.044214"/><trkpt lat="40.828763" lon="20.044234"/><trkpt lat="40.828738" lon="20.044223"/><trkpt lat="40.828719" lon="20.044201"/><trkpt lat="40.828709" lon="20.044121"/><trkpt lat="40.828718" lon="20.044016"/><trkpt lat="40.828713" lon="20.043917"/><trkpt lat="40.828688" lon="20.043742"/><trkpt lat="40.828698" lon="20.043672"/><trkpt lat="40.828755" lon="20.043515"/><trkpt lat="40.828775" lon="20.043443"/><trkpt lat="40.828764" lon="20.043375"/><trkpt lat="40.828734" lon="20.043332"/><trkpt lat="40.828679" lon="20.043295"/><trkpt lat="40.828608" lon="20.043206"/><trkpt lat="40.828508" lon="20.043053"/><trkpt lat="40.828437" lon="20.042931"/><trkpt lat="40.828401" lon="20.042841"/><trkpt lat="40.828398" lon="20.04275"/><trkpt lat="40.828416" lon="20.04264"/><trkpt lat="40.828501" lon="20.042357"/><trkpt lat="40.828563" lon="20.042189"/><trkpt lat="40.828639" lon="20.042036"/><trkpt lat="40.828724" lon="20.041839"/><trkpt lat="40.828792" lon="20.041719"/><trkpt lat="40.828834" lon="20.041611"/><trkpt lat="40.828845" lon="20.041543"/><trkpt lat="40.828841" lon="20.041439"/><trkpt lat="40.828803" lon="20.041302"/><trkpt lat="40.828766" lon="20.041121"/><trkpt lat="40.828754" lon="20.040981"/><trkpt lat="40.828754" lon="20.040804"/><trkpt lat="40.828747" lon="20.040639"/><trkpt lat="40.828728" lon="20.040491"/><trkpt lat="40.828691" lon="20.040374"/><trkpt lat="40.828587" lon="20.040171"/><trkpt lat="40.828438" lon="20.039683"/><trkpt lat="40.828356" lon="20.039514"/><trkpt lat="40.828297" lon="20.039388"/><trkpt lat="40.82902" lon="20.039027"/><trkpt lat="40.829041" lon="20.038863"/><trkpt lat="40.828871" lon="20.038654"/><trkpt lat="40.828765" lon="20.038149"/><trkpt lat="40.828678" lon="20.037735"/><trkpt lat="40.828685" lon="20.037553"/><trkpt lat="40.828505" lon="20.037461"/><trkpt lat="40.828294" lon="20.037009"/><trkpt lat="40.828316" lon="20.036776"/><trkpt lat="40.828438" lon="20.036546"/><trkpt lat="40.828203" lon="20.036344"/><trkpt lat="40.82816" lon="20.036199"/><trkpt lat="40.828145" lon="20.036006"/><trkpt lat="40.828011" lon="20.035788"/><trkpt lat="40.827782" lon="20.035631"/><trkpt lat="40.827449" lon="20.035607"/><trkpt lat="40.827355" lon="20.035462"/><trkpt lat="40.827285" lon="20.034623"/><trkpt lat="40.827163" lon="20.034349"/><trkpt lat="40.827117" lon="20.033862"/><trkpt lat="40.827218" lon="20.033426"/><trkpt lat="40.82716" lon="20.03335"/><trkpt lat="40.826449" lon="20.03316"/><trkpt lat="40.826294" lon="20.033019"/><trkpt lat="40.826153" lon="20.032673"/><trkpt lat="40.826013" lon="20.032052"/><trkpt lat="40.825873" lon="20.03183"/><trkpt lat="40.825629" lon="20.031387"/><trkpt lat="40.825379" lon="20.030786"/><trkpt lat="40.825223" lon="20.030722"/><trkpt lat="40.825004" lon="20.030758"/><trkpt lat="40.824476" lon="20.030512"/><trkpt lat="40.823894" lon="20.02996"/><trkpt lat="40.823686" lon="20.029632"/><trkpt lat="40.823064" lon="20.028562"/><trkpt lat="40.822954" lon="20.028167"/><trkpt lat="40.822866" lon="20.027973"/><trkpt lat="40.822713" lon="20.027873"/><trkpt lat="40.822497" lon="20.027885"/><trkpt lat="40.822045" lon="20.027643"/><trkpt lat="40.821911" lon="20.027445"/><trkpt lat="40.821783" lon="20.027135"/><trkpt lat="40.821676" lon="20.026349"/><trkpt lat="40.82142" lon="20.025325"/><trkpt lat="40.82128" lon="20.025156"/><trkpt lat="40.820972" lon="20.024604"/><trkpt lat="40.820453" lon="20.02385"/><trkpt lat="40.819752" lon="20.02323"/><trkpt lat="40.819258" lon="20.022976"/><trkpt lat="40.818666" lon="20.022553"/><trkpt lat="40.818269" lon="20.022125"/><trkpt lat="40.817971" lon="20.021916"/><trkpt lat="40.817312" lon="20.021017"/><trkpt lat="40.817007" lon="20.020864"/><trkpt lat="40.816811" lon="20.020674"/><trkpt lat="40.816308" lon="20.020098"/><trkpt lat="40.815854" lon="20.019639"/><trkpt lat="40.815665" lon="20.019522"/><trkpt lat="40.815588" lon="20.019397"/><trkpt lat="40.815573" lon="20.019078"/><trkpt lat="40.815634" lon="20.018692"/><trkpt lat="40.815759" lon="20.017996"/><trkpt lat="40.815725" lon="20.017714"/><trkpt lat="40.815295" lon="20.016738"/><trkpt lat="40.815158" lon="20.016472"/><trkpt lat="40.814654" lon="20.015936"/><trkpt lat="40.814441" lon="20.015731"/><trkpt lat="40.814215" lon="20.01534"/><trkpt lat="40.813938" lon="20.014421"/><trkpt lat="40.813978" lon="20.013811"/><trkpt lat="40.814038" lon="20.013397"/><trkpt lat="40.814063" lon="20.013107"/><trkpt lat="40.814119" lon="20.012886"/><trkpt lat="40.814304" lon="20.01247"/><trkpt lat="40.814384" lon="20.012318"/><trkpt lat="40.814507" lon="20.012132"/><trkpt lat="40.81456" lon="20.011936"/><trkpt lat="40.814552" lon="20.011826"/><trkpt lat="40.814436" lon="20.011543"/><trkpt lat="40.814419" lon="20.011415"/><trkpt lat="40.814428" lon="20.011071"/><trkpt lat="40.814489" lon="20.010671"/><trkpt lat="40.814563" lon="20.010512"/><trkpt lat="40.814684" lon="20.010326"/><trkpt lat="40.814914" lon="20.0101"/><trkpt lat="40.815023" lon="20.009937"/><trkpt lat="40.815103" lon="20.009795"/><trkpt lat="40.815158" lon="20.009679"/><trkpt lat="40.815224" lon="20.009482"/><trkpt lat="40.815256" lon="20.009351"/><trkpt lat="40.815276" lon="20.009157"/><trkpt lat="40.815309" lon="20.008918"/><trkpt lat="40.815313" lon="20.008791"/><trkpt lat="40.815302" lon="20.008695"/><trkpt lat="40.815197" lon="20.008521"/><trkpt lat="40.815146" lon="20.008249"/><trkpt lat="40.815137" lon="20.008056"/><trkpt lat="40.815175" lon="20.007743"/><trkpt lat="40.81522" lon="20.007514"/><trkpt lat="40.81526" lon="20.007139"/><trkpt lat="40.815213" lon="20.005985"/><trkpt lat="40.815206" lon="20.005931"/><trkpt lat="40.815124" lon="20.005292"/><trkpt lat="40.815155" lon="20.00364"/><trkpt lat="40.815164" lon="20.00314"/><trkpt lat="40.815258" lon="20.002963"/><trkpt lat="40.815701" lon="20.002628"/><trkpt lat="40.815844" lon="20.002366"/><trkpt lat="40.815917" lon="20.001919"/><trkpt lat="40.815996" lon="20.001375"/><trkpt lat="40.816061" lon="20.000049"/><trkpt lat="40.816308" lon="19.999049"/><trkpt lat="40.816472" lon="19.998719"/><trkpt lat="40.816729" lon="19.998461"/><trkpt lat="40.816768" lon="19.998195"/><trkpt lat="40.816753" lon="19.997776"/><trkpt lat="40.816899" lon="19.996877"/><trkpt lat="40.817043" lon="19.996498"/><trkpt lat="40.817028" lon="19.996243"/><trkpt lat="40.816988" lon="19.995521"/><trkpt lat="40.816965" lon="19.995333"/><trkpt lat="40.816924" lon="19.99508"/><trkpt lat="40.81679" lon="19.994669"/><trkpt lat="40.816789" lon="19.994617"/><trkpt lat="40.816795" lon="19.994527"/><trkpt lat="40.816817" lon="19.994451"/><trkpt lat="40.816928" lon="19.994148"/><trkpt lat="40.816945" lon="19.994069"/><trkpt lat="40.816949" lon="19.993993"/><trkpt lat="40.816824" lon="19.993024"/><trkpt lat="40.816798" lon="19.992922"/><trkpt lat="40.816755" lon="19.992836"/><trkpt lat="40.816512" lon="19.99248"/><trkpt lat="40.816459" lon="19.992428"/><trkpt lat="40.816401" lon="19.992392"/><trkpt lat="40.816342" lon="19.99238"/><trkpt lat="40.816229" lon="19.992376"/><trkpt lat="40.816079" lon="19.992355"/><trkpt lat="40.815981" lon="19.992321"/><trkpt lat="40.815837" lon="19.992237"/><trkpt lat="40.815783" lon="19.992189"/><trkpt lat="40.815717" lon="19.992113"/><trkpt lat="40.81567" lon="19.99202"/><trkpt lat="40.815169" lon="19.990728"/><trkpt lat="40.815108" lon="19.990624"/><trkpt lat="40.814709" lon="19.990227"/><trkpt lat="40.814488" lon="19.989859"/><trkpt lat="40.814393" lon="19.989754"/><trkpt lat="40.814276" lon="19.989668"/><trkpt lat="40.813827" lon="19.989419"/><trkpt lat="40.81358" lon="19.989273"/><trkpt lat="40.813489" lon="19.989218"/><trkpt lat="40.813337" lon="19.989033"/><trkpt lat="40.813284" lon="19.988993"/><trkpt lat="40.813237" lon="19.988974"/><trkpt lat="40.813077" lon="19.98897"/><trkpt lat="40.812929" lon="19.988977"/><trkpt lat="40.812868" lon="19.988958"/><trkpt lat="40.81279" lon="19.988883"/><trkpt lat="40.812742" lon="19.988812"/><trkpt lat="40.81267" lon="19.988529"/><trkpt lat="40.812615" lon="19.98824"/><trkpt lat="40.812517" lon="19.987594"/><trkpt lat="40.812483" lon="19.987249"/><trkpt lat="40.812464" lon="19.987055"/><trkpt lat="40.812436" lon="19.986426"/><trkpt lat="40.812425" lon="19.986302"/><trkpt lat="40.812388" lon="19.98618"/><trkpt lat="40.812322" lon="19.98606"/><trkpt lat="40.812236" lon="19.985959"/><trkpt lat="40.812096" lon="19.985846"/><trkpt lat="40.811911" lon="19.985746"/><trkpt lat="40.811189" lon="19.98548"/><trkpt lat="40.810777" lon="19.985389"/><trkpt lat="40.810603" lon="19.985378"/><trkpt lat="40.810331" lon="19.985308"/><trkpt lat="40.809931" lon="19.985082"/><trkpt lat="40.809822" lon="19.985061"/><trkpt lat="40.809625" lon="19.985048"/><trkpt lat="40.80953" lon="19.985025"/><trkpt lat="40.809167" lon="19.984859"/><trkpt lat="40.808882" lon="19.984663"/><trkpt lat="40.808698" lon="19.984512"/><trkpt lat="40.808531" lon="19.98435"/><trkpt lat="40.808412" lon="19.984269"/><trkpt lat="40.808255" lon="19.98421"/><trkpt lat="40.808135" lon="19.984154"/><trkpt lat="40.808051" lon="19.984131"/><trkpt lat="40.807778" lon="19.984118"/><trkpt lat="40.807208" lon="19.984012"/><trkpt lat="40.806571" lon="19.983967"/><trkpt lat="40.806512" lon="19.983941"/><trkpt lat="40.806362" lon="19.983775"/><trkpt lat="40.806193" lon="19.98364"/><trkpt lat="40.80573" lon="19.983452"/><trkpt lat="40.805494" lon="19.983345"/><trkpt lat="40.805268" lon="19.983179"/><trkpt lat="40.803704" lon="19.98228"/><trkpt lat="40.803107" lon="19.981716"/><trkpt lat="40.802693" lon="19.981483"/><trkpt lat="40.802373" lon="19.981285"/><trkpt lat="40.801916" lon="19.980872"/><trkpt lat="40.801628" lon="19.98049"/><trkpt lat="40.801254" lon="19.980048"/><trkpt lat="40.801026" lon="19.979705"/><trkpt lat="40.80075" lon="19.979245"/><trkpt lat="40.800633" lon="19.979005"/><trkpt lat="40.800543" lon="19.978872"/><trkpt lat="40.800488" lon="19.978809"/><trkpt lat="40.800402" lon="19.978726"/><trkpt lat="40.800264" lon="19.978612"/><trkpt lat="40.800025" lon="19.978492"/><trkpt lat="40.799847" lon="19.978415"/><trkpt lat="40.799729" lon="19.978395"/><trkpt lat="40.799633" lon="19.978396"/><trkpt lat="40.799283" lon="19.978477"/><trkpt lat="40.798938" lon="19.978592"/><trkpt lat="40.798684" lon="19.978649"/><trkpt lat="40.797048" lon="19.978765"/><trkpt lat="40.795725" lon="19.978874"/><trkpt lat="40.794676" lon="19.978755"/><trkpt lat="40.794458" lon="19.978545"/><trkpt lat="40.794081" lon="19.978008"/><trkpt lat="40.793644" lon="19.97759"/><trkpt lat="40.793246" lon="19.977392"/><trkpt lat="40.792616" lon="19.977375"/><trkpt lat="40.792085" lon="19.977459"/><trkpt lat="40.79179" lon="19.977414"/><trkpt lat="40.790829" lon="19.977143"/><trkpt lat="40.790608" lon="19.97708"/><trkpt lat="40.790478" lon="19.977077"/><trkpt lat="40.790359" lon="19.977075"/><trkpt lat="40.789995" lon="19.977522"/><trkpt lat="40.789434" lon="19.978189"/><trkpt lat="40.789104" lon="19.978487"/><trkpt lat="40.789008" lon="19.978559"/><trkpt lat="40.788932" lon="19.978598"/><trkpt lat="40.788875" lon="19.978617"/><trkpt lat="40.78881" lon="19.978619"/><trkpt lat="40.788758" lon="19.978593"/><trkpt lat="40.788662" lon="19.978526"/><trkpt lat="40.788558" lon="19.978436"/><trkpt lat="40.788161" lon="19.97804"/><trkpt lat="40.787985" lon="19.977889"/><trkpt lat="40.787709" lon="19.97771"/><trkpt lat="40.786494" lon="19.977039"/><trkpt lat="40.786005" lon="19.976712"/><trkpt lat="40.785391" lon="19.976315"/><trkpt lat="40.784774" lon="19.975975"/><trkpt lat="40.784087" lon="19.975549"/><trkpt lat="40.783994" lon="19.975511"/><trkpt lat="40.783905" lon="19.97549"/><trkpt lat="40.78382" lon="19.975486"/><trkpt lat="40.783683" lon="19.9755"/><trkpt lat="40.783349" lon="19.975564"/><trkpt lat="40.783239" lon="19.975603"/><trkpt lat="40.783151" lon="19.975663"/><trkpt lat="40.783036" lon="19.97576"/><trkpt lat="40.782714" lon="19.976026"/><trkpt lat="40.782637" lon="19.976079"/><trkpt lat="40.782537" lon="19.976114"/><trkpt lat="40.782442" lon="19.976122"/><trkpt lat="40.782018" lon="19.976101"/><trkpt lat="40.781874" lon="19.976114"/><trkpt lat="40.781668" lon="19.976149"/><trkpt lat="40.780824" lon="19.976377"/><trkpt lat="40.780712" lon="19.976393"/><trkpt lat="40.7806" lon="19.976393"/><trkpt lat="40.780406" lon="19.976342"/><trkpt lat="40.780207" lon="19.976271"/><trkpt lat="40.779837" lon="19.976062"/><trkpt lat="40.779609" lon="19.97591"/><trkpt lat="40.779549" lon="19.975846"/><trkpt lat="40.779492" lon="19.975766"/><trkpt lat="40.779346" lon="19.975509"/><trkpt lat="40.779215" lon="19.975315"/><trkpt lat="40.779142" lon="19.975237"/><trkpt lat="40.779034" lon="19.97515"/><trkpt lat="40.778864" lon="19.975045"/><trkpt lat="40.778784" lon="19.975019"/><trkpt lat="40.778696" lon="19.975003"/><trkpt lat="40.778496" lon="19.974991"/><trkpt lat="40.778216" lon="19.974974"/><trkpt lat="40.777951" lon="19.974964"/><trkpt lat="40.777746" lon="19.97492"/><trkpt lat="40.777647" lon="19.974881"/><trkpt lat="40.777548" lon="19.974825"/><trkpt lat="40.777457" lon="19.97476"/><trkpt lat="40.777121" lon="19.974484"/><trkpt lat="40.776646" lon="19.974121"/><trkpt lat="40.776404" lon="19.973955"/><trkpt lat="40.775582" lon="19.973423"/><trkpt lat="40.775498" lon="19.97337"/><trkpt lat="40.774958" lon="19.972972"/><trkpt lat="40.774429" lon="19.972522"/><trkpt lat="40.773917" lon="19.972155"/><trkpt lat="40.773863" lon="19.972108"/><trkpt lat="40.773818" lon="19.972063"/><trkpt lat="40.773587" lon="19.971752"/><trkpt lat="40.773479" lon="19.971625"/><trkpt lat="40.773315" lon="19.971466"/><trkpt lat="40.773181" lon="19.971321"/><trkpt lat="40.772932" lon="19.971081"/><trkpt lat="40.772708" lon="19.970917"/><trkpt lat="40.772068" lon="19.970552"/><trkpt lat="40.771711" lon="19.970361"/><trkpt lat="40.771638" lon="19.970292"/><trkpt lat="40.771549" lon="19.970167"/><trkpt lat="40.771466" lon="19.97002"/><trkpt lat="40.7714" lon="19.969876"/><trkpt lat="40.771195" lon="19.969506"/><trkpt lat="40.770802" lon="19.96892"/><trkpt lat="40.770423" lon="19.968328"/><trkpt lat="40.769516" lon="19.966981"/><trkpt lat="40.768834" lon="19.965949"/><trkpt lat="40.768106" lon="19.964805"/><trkpt lat="40.768059" lon="19.964758"/><trkpt lat="40.767918" lon="19.964667"/><trkpt lat="40.767674" lon="19.964574"/><trkpt lat="40.76749" lon="19.964466"/><trkpt lat="40.767294" lon="19.964312"/><trkpt lat="40.767201" lon="19.964203"/><trkpt lat="40.767117" lon="19.964089"/><trkpt lat="40.767045" lon="19.963977"/><trkpt lat="40.766983" lon="19.963902"/><trkpt lat="40.766898" lon="19.963825"/><trkpt lat="40.76657" lon="19.963592"/><trkpt lat="40.765847" lon="19.963224"/><trkpt lat="40.76541" lon="19.962975"/><trkpt lat="40.765287" lon="19.962886"/><trkpt lat="40.764956" lon="19.962626"/><trkpt lat="40.764333" lon="19.962101"/><trkpt lat="40.764188" lon="19.961993"/><trkpt lat="40.763755" lon="19.961696"/><trkpt lat="40.763404" lon="19.961433"/><trkpt lat="40.762814" lon="19.960906"/><trkpt lat="40.762146" lon="19.960353"/><trkpt lat="40.761131" lon="19.959436"/><trkpt lat="40.761093" lon="19.959392"/><trkpt lat="40.760776" lon="19.959026"/><trkpt lat="40.760657" lon="19.958889"/><trkpt lat="40.760183" lon="19.95839"/><trkpt lat="40.759822" lon="19.957971"/><trkpt lat="40.759665" lon="19.957757"/><trkpt lat="40.759516" lon="19.957466"/><trkpt lat="40.7595" lon="19.957314"/><trkpt lat="40.759336" lon="19.955732"/><trkpt lat="40.75929" lon="19.955614"/><trkpt lat="40.759089" lon="19.955167"/><trkpt lat="40.758498" lon="19.953904"/><trkpt lat="40.758115" lon="19.953052"/><trkpt lat="40.758034" lon="19.952851"/><trkpt lat="40.757969" lon="19.952654"/><trkpt lat="40.75779" lon="19.951957"/><trkpt lat="40.757731" lon="19.951727"/><trkpt lat="40.757412" lon="19.950249"/><trkpt lat="40.757331" lon="19.949922"/><trkpt lat="40.757311" lon="19.949839"/><trkpt lat="40.757258" lon="19.949715"/><trkpt lat="40.757195" lon="19.94964"/><trkpt lat="40.757075" lon="19.94955"/><trkpt lat="40.756624" lon="19.94927"/><trkpt lat="40.756193" lon="19.948986"/><trkpt lat="40.756115" lon="19.948902"/><trkpt lat="40.755955" lon="19.948691"/><trkpt lat="40.75544" lon="19.947988"/><trkpt lat="40.75536" lon="19.947873"/><trkpt lat="40.755294" lon="19.947749"/><trkpt lat="40.755286" lon="19.947151"/><trkpt lat="40.755169" lon="19.947259"/><trkpt lat="40.75496" lon="19.947391"/><trkpt lat="40.754869" lon="19.947408"/><trkpt lat="40.754792" lon="19.947382"/><trkpt lat="40.754303" lon="19.947148"/><trkpt lat="40.753886" lon="19.946514"/><trkpt lat="40.75375" lon="19.946322"/><trkpt lat="40.7532" lon="19.945185"/><trkpt lat="40.753121" lon="19.945002"/><trkpt lat="40.753033" lon="19.944698"/><trkpt lat="40.75296" lon="19.94447"/><trkpt lat="40.752946" lon="19.944289"/><trkpt lat="40.752946" lon="19.944146"/><trkpt lat="40.752973" lon="19.943921"/><trkpt lat="40.753026" lon="19.943708"/><trkpt lat="40.753132" lon="19.943262"/><trkpt lat="40.753227" lon="19.942798"/><trkpt lat="40.753284" lon="19.94261"/><trkpt lat="40.753357" lon="19.942463"/><trkpt lat="40.753416" lon="19.942321"/><trkpt lat="40.753469" lon="19.942141"/><trkpt lat="40.753526" lon="19.941874"/><trkpt lat="40.753511" lon="19.941333"/><trkpt lat="40.753452" lon="19.940829"/><trkpt lat="40.753438" lon="19.940609"/><trkpt lat="40.753443" lon="19.940143"/><trkpt lat="40.753464" lon="19.940081"/><trkpt lat="40.753512" lon="19.940033"/><trkpt lat="40.753571" lon="19.940026"/><trkpt lat="40.753625" lon="19.940031"/><trkpt lat="40.753664" lon="19.940015"/><trkpt lat="40.753684" lon="19.939971"/><trkpt lat="40.753684" lon="19.939911"/><trkpt lat="40.753632" lon="19.939237"/><trkpt lat="40.75361" lon="19.939031"/><trkpt lat="40.753549" lon="19.938779"/><trkpt lat="40.753377" lon="19.938252"/><trkpt lat="40.753324" lon="19.938098"/><trkpt lat="40.753232" lon="19.938091"/><trkpt lat="40.753152" lon="19.938059"/><trkpt lat="40.753018" lon="19.937973"/><trkpt lat="40.752914" lon="19.937918"/><trkpt lat="40.752796" lon="19.937879"/><trkpt lat="40.752656" lon="19.937855"/><trkpt lat="40.752242" lon="19.937827"/><trkpt lat="40.752111" lon="19.937833"/><trkpt lat="40.751998" lon="19.937864"/><trkpt lat="40.75165" lon="19.938053"/><trkpt lat="40.75153" lon="19.93808"/><trkpt lat="40.751405" lon="19.938058"/><trkpt lat="40.751254" lon="19.938008"/><trkpt lat="40.751134" lon="19.937928"/><trkpt lat="40.751036" lon="19.937802"/><trkpt lat="40.750959" lon="19.9376"/><trkpt lat="40.750625" lon="19.936311"/><trkpt lat="40.75008" lon="19.93431"/><trkpt lat="40.750018" lon="19.934357"/><trkpt lat="40.75001" lon="19.934432"/><trkpt lat="40.750114" lon="19.934805"/><trkpt lat="40.750144" lon="19.934966"/><trkpt lat="40.750029" lon="19.935065"/><trkpt lat="40.749667" lon="19.935283"/><trkpt lat="40.7492" lon="19.935561"/><trkpt lat="40.745218" lon="19.938"/><trkpt lat="40.74596" lon="19.940113"/><trkpt lat="40.746315" lon="19.941243"/><trkpt lat="40.745461" lon="19.941702"/><trkpt lat="40.744216" lon="19.942354"/><trkpt lat="40.741041" lon="19.943992"/><trkpt lat="40.740829" lon="19.944049"/><trkpt lat="40.740888" lon="19.944976"/><trkpt lat="40.74086" lon="19.945081"/><trkpt lat="40.740809" lon="19.945225"/><trkpt lat="40.740722" lon="19.945408"/><trkpt lat="40.740614" lon="19.945577"/><trkpt lat="40.740579" lon="19.945606"/><trkpt lat="40.740541" lon="19.945625"/><trkpt lat="40.740378" lon="19.945676"/><trkpt lat="40.740254" lon="19.945687"/><trkpt lat="40.740211" lon="19.945703"/><trkpt lat="40.740061" lon="19.945789"/><trkpt lat="40.739813" lon="19.945958"/><trkpt lat="40.739447" lon="19.946092"/><trkpt lat="40.739311" lon="19.946154"/><trkpt lat="40.739132" lon="19.94629"/><trkpt lat="40.738557" lon="19.946599"/><trkpt lat="40.738133" lon="19.946934"/><trkpt lat="40.737931" lon="19.947071"/><trkpt lat="40.737899" lon="19.9471"/><trkpt lat="40.737874" lon="19.947141"/><trkpt lat="40.73784" lon="19.94724"/><trkpt lat="40.737816" lon="19.947285"/><trkpt lat="40.737781" lon="19.947315"/><trkpt lat="40.737661" lon="19.947366"/><trkpt lat="40.737584" lon="19.94742"/><trkpt lat="40.737285" lon="19.947658"/><trkpt lat="40.737011" lon="19.947937"/><trkpt lat="40.736915" lon="19.948026"/><trkpt lat="40.736846" lon="19.947841"/><trkpt lat="40.736775" lon="19.947575"/><trkpt lat="40.736767" lon="19.947519"/><trkpt lat="40.736747" lon="19.947465"/><trkpt lat="40.736712" lon="19.947495"/><trkpt lat="40.736596" lon="19.947559"/><trkpt lat="40.736407" lon="19.947682"/><trkpt lat="40.736338" lon="19.947741"/><trkpt lat="40.736273" lon="19.947816"/><trkpt lat="40.736245" lon="19.947862"/><trkpt lat="40.736184" lon="19.94794"/><trkpt lat="40.736049" lon="19.948066"/><trkpt lat="40.735799" lon="19.948353"/><trkpt lat="40.735647" lon="19.948554"/><trkpt lat="40.735604" lon="19.948645"/><trkpt lat="40.735584" lon="19.948694"/><trkpt lat="40.735373" lon="19.949058"/><trkpt lat="40.735192" lon="19.949327"/><trkpt lat="40.735043" lon="19.94953"/><trkpt lat="40.734903" lon="19.949686"/><trkpt lat="40.734728" lon="19.949909"/><trkpt lat="40.734489" lon="19.950397"/><trkpt lat="40.734454" lon="19.950501"/><trkpt lat="40.734428" lon="19.950558"/><trkpt lat="40.734416" lon="19.950616"/><trkpt lat="40.73435" lon="19.950587"/><trkpt lat="40.734267" lon="19.950574"/><trkpt lat="40.734184" lon="19.950571"/><trkpt lat="40.734056" lon="19.950665"/><trkpt lat="40.733942" lon="19.950719"/><trkpt lat="40.733879" lon="19.950724"/><trkpt lat="40.733775" lon="19.950807"/><trkpt lat="40.733377" lon="19.951199"/><trkpt lat="40.733328" lon="19.951287"/><trkpt lat="40.733299" lon="19.951327"/><trkpt lat="40.733023" lon="19.951577"/><trkpt lat="40.732982" lon="19.95159"/><trkpt lat="40.732911" lon="19.951633"/><trkpt lat="40.732877" lon="19.951665"/><trkpt lat="40.732838" lon="19.951746"/><trkpt lat="40.732652" lon="19.95151"/><trkpt lat="40.732581" lon="19.951441"/><trkpt lat="40.732511" lon="19.951527"/><trkpt lat="40.732452" lon="19.9516"/><trkpt lat="40.73242" lon="19.951639"/><trkpt lat="40.731919" lon="19.952257"/><trkpt lat="40.731879" lon="19.952298"/><trkpt lat="40.731798" lon="19.952306"/><trkpt lat="40.731387" lon="19.952307"/><trkpt lat="40.730633" lon="19.952317"/><trkpt lat="40.729978" lon="19.952282"/><trkpt lat="40.729848" lon="19.952252"/><trkpt lat="40.729596" lon="19.952166"/><trkpt lat="40.729345" lon="19.9521"/><trkpt lat="40.729225" lon="19.952064"/><trkpt lat="40.729021" lon="19.952033"/><trkpt lat="40.728729" lon="19.952025"/><trkpt lat="40.72864" lon="19.952012"/><trkpt lat="40.728401" lon="19.952004"/><trkpt lat="40.728061" lon="19.95202"/><trkpt lat="40.727528" lon="19.952076"/><trkpt lat="40.727095" lon="19.952088"/><trkpt lat="40.726805" lon="19.952062"/><trkpt lat="40.726679" lon="19.952028"/><trkpt lat="40.726497" lon="19.95187"/><trkpt lat="40.726387" lon="19.951738"/><trkpt lat="40.726295" lon="19.951594"/><trkpt lat="40.726169" lon="19.951365"/><trkpt lat="40.726086" lon="19.951158"/><trkpt lat="40.72599" lon="19.951008"/><trkpt lat="40.72581" lon="19.950784"/><trkpt lat="40.725641" lon="19.95059"/><trkpt lat="40.725269" lon="19.950024"/><trkpt lat="40.725098" lon="19.950504"/><trkpt lat="40.724844" lon="19.951397"/><trkpt lat="40.72482" lon="19.951427"/><trkpt lat="40.724785" lon="19.951432"/><trkpt lat="40.724751" lon="19.951423"/><trkpt lat="40.72439" lon="19.951104"/><trkpt lat="40.72384" lon="19.950555"/><trkpt lat="40.722897" lon="19.949889"/><trkpt lat="40.722866" lon="19.949873"/><trkpt lat="40.722834" lon="19.949889"/><trkpt lat="40.722677" lon="19.950649"/><trkpt lat="40.722665" lon="19.95067"/><trkpt lat="40.721841" lon="19.950678"/><trkpt lat="40.72184" lon="19.951208"/><trkpt lat="40.721858" lon="19.951327"/><trkpt lat="40.721793" lon="19.951325"/><trkpt lat="40.721723" lon="19.95131"/><trkpt lat="40.721493" lon="19.951217"/><trkpt lat="40.721417" lon="19.951173"/><trkpt lat="40.721355" lon="19.951126"/><trkpt lat="40.721328" lon="19.951097"/><trkpt lat="40.721301" lon="19.951058"/><trkpt lat="40.721271" lon="19.950991"/><trkpt lat="40.721178" lon="19.950687"/><trkpt lat="40.721132" lon="19.95059"/><trkpt lat="40.720978" lon="19.950314"/><trkpt lat="40.720913" lon="19.950176"/><trkpt lat="40.720858" lon="19.950022"/><trkpt lat="40.720736" lon="19.949621"/><trkpt lat="40.720601" lon="19.949387"/><trkpt lat="40.720467" lon="19.949284"/><trkpt lat="40.720394" lon="19.949257"/><trkpt lat="40.720385" lon="19.949372"/><trkpt lat="40.720354" lon="19.949462"/><trkpt lat="40.720308" lon="19.949529"/><trkpt lat="40.720277" lon="19.949546"/><trkpt lat="40.720242" lon="19.949565"/><trkpt lat="40.720156" lon="19.949566"/><trkpt lat="40.720025" lon="19.949541"/><trkpt lat="40.719782" lon="19.949436"/><trkpt lat="40.719665" lon="19.949373"/><trkpt lat="40.719611" lon="19.949329"/><trkpt lat="40.719507" lon="19.949195"/><trkpt lat="40.719397" lon="19.949032"/><trkpt lat="40.719043" lon="19.948595"/><trkpt lat="40.718926" lon="19.948504"/><trkpt lat="40.718717" lon="19.948336"/><trkpt lat="40.718627" lon="19.948246"/><trkpt lat="40.718558" lon="19.948188"/><trkpt lat="40.718456" lon="19.948112"/><trkpt lat="40.718376" lon="19.947999"/><trkpt lat="40.718335" lon="19.947833"/><trkpt lat="40.718324" lon="19.947636"/><trkpt lat="40.71829" lon="19.947396"/><trkpt lat="40.718211" lon="19.947162"/><trkpt lat="40.718094" lon="19.946932"/><trkpt lat="40.71798" lon="19.946755"/><trkpt lat="40.717847" lon="19.946561"/><trkpt lat="40.717672" lon="19.946347"/><trkpt lat="40.717518" lon="19.946215"/><trkpt lat="40.717359" lon="19.946105"/><trkpt lat="40.717148" lon="19.945978"/><trkpt lat="40.717072" lon="19.945963"/><trkpt lat="40.716997" lon="19.945982"/><trkpt lat="40.716881" lon="19.946035"/><trkpt lat="40.716798" lon="19.946064"/><trkpt lat="40.716649" lon="19.946109"/><trkpt lat="40.716562" lon="19.946126"/><trkpt lat="40.716478" lon="19.946133"/><trkpt lat="40.716406" lon="19.94612"/><trkpt lat="40.716353" lon="19.946102"/><trkpt lat="40.716315" lon="19.94606"/><trkpt lat="40.716283" lon="19.946002"/><trkpt lat="40.71625" lon="19.945915"/><trkpt lat="40.716202" lon="19.94575"/><trkpt lat="40.716087" lon="19.945098"/><trkpt lat="40.716041" lon="19.944904"/><trkpt lat="40.715977" lon="19.944791"/><trkpt lat="40.715899" lon="19.944709"/><trkpt lat="40.715566" lon="19.944562"/><trkpt lat="40.715431" lon="19.944476"/><trkpt lat="40.715316" lon="19.944417"/><trkpt lat="40.715153" lon="19.944372"/><trkpt lat="40.715078" lon="19.944352"/><trkpt lat="40.714912" lon="19.944365"/><trkpt lat="40.71476" lon="19.944399"/><trkpt lat="40.714429" lon="19.94455"/><trkpt lat="40.714227" lon="19.944662"/><trkpt lat="40.714138" lon="19.944694"/><trkpt lat="40.714051" lon="19.944712"/><trkpt lat="40.713883" lon="19.944705"/><trkpt lat="40.713783" lon="19.94469"/><trkpt lat="40.713684" lon="19.944693"/><trkpt lat="40.71354" lon="19.944717"/><trkpt lat="40.713354" lon="19.944803"/><trkpt lat="40.713165" lon="19.944936"/><trkpt lat="40.713057" lon="19.94502"/><trkpt lat="40.712931" lon="19.945169"/><trkpt lat="40.712827" lon="19.945325"/><trkpt lat="40.712699" lon="19.945542"/><trkpt lat="40.712602" lon="19.945682"/><trkpt lat="40.712457" lon="19.945822"/><trkpt lat="40.712196" lon="19.94603"/><trkpt lat="40.712119" lon="19.946087"/><trkpt lat="40.712042" lon="19.946123"/><trkpt lat="40.711906" lon="19.94613"/><trkpt lat="40.71174" lon="19.946116"/><trkpt lat="40.71168" lon="19.94614"/><trkpt lat="40.711636" lon="19.946192"/><trkpt lat="40.711588" lon="19.946272"/><trkpt lat="40.711557" lon="19.946339"/><trkpt lat="40.711518" lon="19.946538"/><trkpt lat="40.711482" lon="19.946684"/><trkpt lat="40.71144" lon="19.946652"/><trkpt lat="40.711402" lon="19.946652"/><trkpt lat="40.711369" lon="19.946677"/><trkpt lat="40.711357" lon="19.946696"/><trkpt lat="40.711346" lon="19.946744"/><trkpt lat="40.711243" lon="19.946676"/><trkpt lat="40.711191" lon="19.946698"/><trkpt lat="40.711051" lon="19.946727"/><trkpt lat="40.711019" lon="19.946742"/><trkpt lat="40.710736" lon="19.946975"/><trkpt lat="40.710608" lon="19.947071"/><trkpt lat="40.710295" lon="19.947287"/><trkpt lat="40.709964" lon="19.947517"/><trkpt lat="40.709857" lon="19.94759"/><trkpt lat="40.708865" lon="19.948469"/><trkpt lat="40.708795" lon="19.948524"/><trkpt lat="40.708397" lon="19.948793"/><trkpt lat="40.708138" lon="19.948978"/><trkpt lat="40.707962" lon="19.949157"/><trkpt lat="40.707015" lon="19.950151"/><trkpt lat="40.70668" lon="19.950397"/><trkpt lat="40.706631" lon="19.950451"/><trkpt lat="40.706546" lon="19.950528"/><trkpt lat="40.706365" lon="19.950665"/><trkpt lat="40.706287" lon="19.950737"/><trkpt lat="40.705933" lon="19.951133"/><trkpt lat="40.705927" lon="19.951139"/></trkseg></trk></gpx>
