<?xml version="1.0" encoding="UTF-8"?>
<gpx version="1.1" creator="albanie-4x4-plan (BRouter/OSM)" xmlns="http://www.topografix.com/GPX/1/1">
  <metadata><name>Albánie 4x4 – trasa V – 18.–24. 9. 2026 (reálný průjezd po cestách z OSM)</name></metadata>
  <wpt lat="41.4147" lon="19.7206"><name>Letiště Tirana</name></wpt>
  <wpt lat="40.7251" lon="19.5582"><name>Fier</name></wpt>
  <wpt lat="40.2982" lon="20.0209"><name>Tepelenë</name></wpt>
  <wpt lat="40.0771" lon="20.1393"><name>Gjirokastër</name></wpt>
  <wpt lat="40.2333" lon="20.3534"><name>Përmet</name></wpt>
  <wpt lat="40.3661" lon="20.4282"><name>Frashër</name></wpt>
  <wpt lat="40.26" lon="20.3"><name>Bual</name></wpt>
  <wpt lat="40.4334" lon="20.271"><name>Kaňon Osumi</name></wpt>
  <wpt lat="40.5036" lon="20.2283"><name>Çorovodë</name></wpt>
  <wpt lat="40.7311" lon="20.0414"><name>Roshnik</name></wpt>
  <wpt lat="40.7019" lon="19.9581"><name>Berat</name></wpt>
  <wpt lat="40.9422" lon="19.706"><name>Lushnjë</name></wpt>
  <wpt lat="41.3275" lon="19.8187"><name>Tirana</name></wpt>
  <wpt lat="41.4477" lon="19.8643"><name>Bovilla</name></wpt>
  <wpt lat="41.5086" lon="19.7931"><name>Krujë</name></wpt>
  <trk><name>1 Pá·B – Kratší pátek: letiště → Gjirokastër (a v sobotu zkouška obráceně do Nivicë)</name><trkseg>
    <trkpt lat="41.41501" lon="19.72338"/>
    <trkpt lat="41.41702" lon="19.723"/>
    <trkpt lat="41.41719" lon="19.72517"/>
    <trkpt lat="41.41695" lon="19.7262"/>
    <trkpt lat="41.41711" lon="19.72672"/>
    <trkpt lat="41.41526" lon="19.72814"/>
    <trkpt lat="41.41514" lon="19.72915"/>
    <trkpt lat="41.41456" lon="19.72992"/>
    <trkpt lat="41.41447" lon="19.73058"/>
    <trkpt lat="41.41387" lon="19.73181"/>
    <trkpt lat="41.41379" lon="19.73246"/>
    <trkpt lat="41.41396" lon="19.73345"/>
    <trkpt lat="41.41372" lon="19.73652"/>
    <trkpt lat="41.41384" lon="19.73888"/>
    <trkpt lat="41.4141" lon="19.74019"/>
    <trkpt lat="41.41354" lon="19.74064"/>
    <trkpt lat="41.41388" lon="19.7419"/>
    <trkpt lat="41.41384" lon="19.74301"/>
    <trkpt lat="41.43014" lon="19.73649"/>
    <trkpt lat="41.4284" lon="19.72867"/>
    <trkpt lat="41.42875" lon="19.72759"/>
    <trkpt lat="41.43002" lon="19.72657"/>
    <trkpt lat="41.43017" lon="19.72109"/>
    <trkpt lat="41.4295" lon="19.71765"/>
    <trkpt lat="41.42782" lon="19.71085"/>
    <trkpt lat="41.43109" lon="19.70681"/>
    <trkpt lat="41.43364" lon="19.70282"/>
    <trkpt lat="41.43408" lon="19.70157"/>
    <trkpt lat="41.43422" lon="19.70001"/>
    <trkpt lat="41.43575" lon="19.69701"/>
    <trkpt lat="41.43616" lon="19.695"/>
    <trkpt lat="41.43621" lon="19.69276"/>
    <trkpt lat="41.43606" lon="19.69168"/>
    <trkpt lat="41.43544" lon="19.69011"/>
    <trkpt lat="41.43498" lon="19.68805"/>
    <trkpt lat="41.41768" lon="19.68717"/>
    <trkpt lat="41.4168" lon="19.68695"/>
    <trkpt lat="41.41236" lon="19.68494"/>
    <trkpt lat="41.41114" lon="19.68372"/>
    <trkpt lat="41.40858" lon="19.68019"/>
    <trkpt lat="41.40821" lon="19.67931"/>
    <trkpt lat="41.40773" lon="19.67681"/>
    <trkpt lat="41.4049" lon="19.67094"/>
    <trkpt lat="41.40411" lon="19.6702"/>
    <trkpt lat="41.40005" lon="19.66776"/>
    <trkpt lat="41.39326" lon="19.65876"/>
    <trkpt lat="41.39322" lon="19.6582"/>
    <trkpt lat="41.39441" lon="19.65639"/>
    <trkpt lat="41.39818" lon="19.65176"/>
    <trkpt lat="41.39952" lon="19.64916"/>
    <trkpt lat="41.39994" lon="19.64763"/>
    <trkpt lat="41.40016" lon="19.64527"/>
    <trkpt lat="41.39983" lon="19.64279"/>
    <trkpt lat="41.39942" lon="19.64126"/>
    <trkpt lat="41.39886" lon="19.63992"/>
    <trkpt lat="41.39789" lon="19.63835"/>
    <trkpt lat="41.39363" lon="19.63339"/>
    <trkpt lat="41.39194" lon="19.63187"/>
    <trkpt lat="41.37739" lon="19.62039"/>
    <trkpt lat="41.37547" lon="19.61824"/>
    <trkpt lat="41.37371" lon="19.61507"/>
    <trkpt lat="41.37264" lon="19.61155"/>
    <trkpt lat="41.37125" lon="19.60409"/>
    <trkpt lat="41.3707" lon="19.60011"/>
    <trkpt lat="41.36871" lon="19.57566"/>
    <trkpt lat="41.36814" lon="19.55997"/>
    <trkpt lat="41.3675" lon="19.55641"/>
    <trkpt lat="41.36604" lon="19.5526"/>
    <trkpt lat="41.36018" lon="19.53944"/>
    <trkpt lat="41.35767" lon="19.53298"/>
    <trkpt lat="41.3555" lon="19.52806"/>
    <trkpt lat="41.34043" lon="19.49115"/>
    <trkpt lat="41.33911" lon="19.48839"/>
    <trkpt lat="41.33651" lon="19.48375"/>
    <trkpt lat="41.33454" lon="19.48084"/>
    <trkpt lat="41.33147" lon="19.47693"/>
    <trkpt lat="41.33135" lon="19.47631"/>
    <trkpt lat="41.33172" lon="19.47613"/>
    <trkpt lat="41.33189" lon="19.4764"/>
    <trkpt lat="41.33172" lon="19.47686"/>
    <trkpt lat="41.3268" lon="19.48036"/>
    <trkpt lat="41.32512" lon="19.48183"/>
    <trkpt lat="41.32439" lon="19.48293"/>
    <trkpt lat="41.3236" lon="19.48454"/>
    <trkpt lat="41.32253" lon="19.48777"/>
    <trkpt lat="41.32109" lon="19.49489"/>
    <trkpt lat="41.32057" lon="19.49583"/>
    <trkpt lat="41.30965" lon="19.50063"/>
    <trkpt lat="41.30226" lon="19.50268"/>
    <trkpt lat="41.30098" lon="19.50385"/>
    <trkpt lat="41.29841" lon="19.50532"/>
    <trkpt lat="41.29402" lon="19.50924"/>
    <trkpt lat="41.2914" lon="19.51025"/>
    <trkpt lat="41.2894" lon="19.51254"/>
    <trkpt lat="41.28868" lon="19.51305"/>
    <trkpt lat="41.28377" lon="19.5143"/>
    <trkpt lat="41.27996" lon="19.51433"/>
    <trkpt lat="41.27872" lon="19.51465"/>
    <trkpt lat="41.27578" lon="19.51634"/>
    <trkpt lat="41.2722" lon="19.51767"/>
    <trkpt lat="41.2645" lon="19.52391"/>
    <trkpt lat="41.26324" lon="19.52447"/>
    <trkpt lat="41.25703" lon="19.52632"/>
    <trkpt lat="41.25533" lon="19.52643"/>
    <trkpt lat="41.2348" lon="19.52394"/>
    <trkpt lat="41.23298" lon="19.52394"/>
    <trkpt lat="41.23123" lon="19.52435"/>
    <trkpt lat="41.20925" lon="19.5335"/>
    <trkpt lat="41.2057" lon="19.53453"/>
    <trkpt lat="41.2032" lon="19.53553"/>
    <trkpt lat="41.1846" lon="19.54322"/>
    <trkpt lat="41.18362" lon="19.54379"/>
    <trkpt lat="41.17594" lon="19.55039"/>
    <trkpt lat="41.17462" lon="19.55189"/>
    <trkpt lat="41.15548" lon="19.58157"/>
    <trkpt lat="41.15407" lon="19.58308"/>
    <trkpt lat="41.14997" lon="19.58612"/>
    <trkpt lat="41.14717" lon="19.58898"/>
    <trkpt lat="41.12533" lon="19.59951"/>
    <trkpt lat="41.11832" lon="19.60324"/>
    <trkpt lat="41.10621" lon="19.60842"/>
    <trkpt lat="41.10477" lon="19.60877"/>
    <trkpt lat="41.10015" lon="19.60923"/>
    <trkpt lat="41.09379" lon="19.60876"/>
    <trkpt lat="41.09219" lon="19.60913"/>
    <trkpt lat="41.09087" lon="19.60975"/>
    <trkpt lat="41.08842" lon="19.61186"/>
    <trkpt lat="41.08411" lon="19.61837"/>
    <trkpt lat="41.07897" lon="19.62493"/>
    <trkpt lat="41.07715" lon="19.62664"/>
    <trkpt lat="41.07637" lon="19.62766"/>
    <trkpt lat="41.07362" lon="19.63274"/>
    <trkpt lat="41.07305" lon="19.63421"/>
    <trkpt lat="41.07232" lon="19.63701"/>
    <trkpt lat="41.07091" lon="19.63803"/>
    <trkpt lat="41.06675" lon="19.64341"/>
    <trkpt lat="41.06508" lon="19.6448"/>
    <trkpt lat="41.05937" lon="19.64656"/>
    <trkpt lat="41.05757" lon="19.64731"/>
    <trkpt lat="41.05217" lon="19.65034"/>
    <trkpt lat="41.04312" lon="19.6562"/>
    <trkpt lat="41.041" lon="19.65709"/>
    <trkpt lat="41.03854" lon="19.65755"/>
    <trkpt lat="41.025" lon="19.65887"/>
    <trkpt lat="41.02275" lon="19.65961"/>
    <trkpt lat="41.01862" lon="19.66187"/>
    <trkpt lat="41.01651" lon="19.66265"/>
    <trkpt lat="41.01369" lon="19.66317"/>
    <trkpt lat="41.00746" lon="19.66332"/>
    <trkpt lat="41.00262" lon="19.66458"/>
    <trkpt lat="40.99421" lon="19.66802"/>
    <trkpt lat="40.99178" lon="19.66866"/>
    <trkpt lat="40.98672" lon="19.66885"/>
    <trkpt lat="40.98582" lon="19.66867"/>
    <trkpt lat="40.98404" lon="19.6677"/>
    <trkpt lat="40.98286" lon="19.66868"/>
    <trkpt lat="40.97922" lon="19.66968"/>
    <trkpt lat="40.97669" lon="19.67087"/>
    <trkpt lat="40.96837" lon="19.67655"/>
    <trkpt lat="40.95756" lon="19.68541"/>
    <trkpt lat="40.95637" lon="19.68612"/>
    <trkpt lat="40.95568" lon="19.68599"/>
    <trkpt lat="40.95477" lon="19.68615"/>
    <trkpt lat="40.95348" lon="19.68584"/>
    <trkpt lat="40.94994" lon="19.68261"/>
    <trkpt lat="40.94722" lon="19.68132"/>
    <trkpt lat="40.94528" lon="19.68108"/>
    <trkpt lat="40.94224" lon="19.68122"/>
    <trkpt lat="40.93864" lon="19.68216"/>
    <trkpt lat="40.93667" lon="19.6831"/>
    <trkpt lat="40.93501" lon="19.6842"/>
    <trkpt lat="40.9323" lon="19.68663"/>
    <trkpt lat="40.92681" lon="19.69291"/>
    <trkpt lat="40.92101" lon="19.70146"/>
    <trkpt lat="40.92068" lon="19.7017"/>
    <trkpt lat="40.91997" lon="19.70176"/>
    <trkpt lat="40.91909" lon="19.70131"/>
    <trkpt lat="40.87926" lon="19.67028"/>
    <trkpt lat="40.87532" lon="19.66608"/>
    <trkpt lat="40.87086" lon="19.65862"/>
    <trkpt lat="40.8694" lon="19.65674"/>
    <trkpt lat="40.86801" lon="19.65532"/>
    <trkpt lat="40.86177" lon="19.65025"/>
    <trkpt lat="40.85584" lon="19.64449"/>
    <trkpt lat="40.84224" lon="19.63351"/>
    <trkpt lat="40.8313" lon="19.62437"/>
    <trkpt lat="40.83096" lon="19.62385"/>
    <trkpt lat="40.83074" lon="19.62265"/>
    <trkpt lat="40.83004" lon="19.62307"/>
    <trkpt lat="40.82962" lon="19.623"/>
    <trkpt lat="40.8207" lon="19.61579"/>
    <trkpt lat="40.81825" lon="19.61431"/>
    <trkpt lat="40.81626" lon="19.61358"/>
    <trkpt lat="40.80465" lon="19.61059"/>
    <trkpt lat="40.80162" lon="19.60935"/>
    <trkpt lat="40.79959" lon="19.60797"/>
    <trkpt lat="40.79348" lon="19.60231"/>
    <trkpt lat="40.79041" lon="19.60016"/>
    <trkpt lat="40.77592" lon="19.5928"/>
    <trkpt lat="40.77235" lon="19.59076"/>
    <trkpt lat="40.76373" lon="19.58669"/>
    <trkpt lat="40.76242" lon="19.58581"/>
    <trkpt lat="40.76116" lon="19.58432"/>
    <trkpt lat="40.75774" lon="19.57839"/>
    <trkpt lat="40.75185" lon="19.57159"/>
    <trkpt lat="40.75017" lon="19.56884"/>
    <trkpt lat="40.74878" lon="19.56517"/>
    <trkpt lat="40.74817" lon="19.56207"/>
    <trkpt lat="40.74806" lon="19.55958"/>
    <trkpt lat="40.74829" lon="19.55914"/>
    <trkpt lat="40.74863" lon="19.55936"/>
    <trkpt lat="40.74882" lon="19.55914"/>
    <trkpt lat="40.74878" lon="19.55791"/>
    <trkpt lat="40.74861" lon="19.55754"/>
    <trkpt lat="40.74701" lon="19.55751"/>
    <trkpt lat="40.74671" lon="19.55816"/>
    <trkpt lat="40.74669" lon="19.55924"/>
    <trkpt lat="40.74652" lon="19.55944"/>
    <trkpt lat="40.72716" lon="19.55967"/>
    <trkpt lat="40.72519" lon="19.55805"/>
    <trkpt lat="40.72501" lon="19.55806"/>
    <trkpt lat="40.72502" lon="19.55837"/>
    <trkpt lat="40.72523" lon="19.55832"/>
    <trkpt lat="40.72519" lon="19.55805"/>
    <trkpt lat="40.72401" lon="19.55748"/>
    <trkpt lat="40.69832" lon="19.53733"/>
    <trkpt lat="40.69716" lon="19.53668"/>
    <trkpt lat="40.69491" lon="19.53107"/>
    <trkpt lat="40.69367" lon="19.52933"/>
    <trkpt lat="40.69334" lon="19.52843"/>
    <trkpt lat="40.69221" lon="19.52332"/>
    <trkpt lat="40.69217" lon="19.52189"/>
    <trkpt lat="40.69256" lon="19.52019"/>
    <trkpt lat="40.69219" lon="19.51751"/>
    <trkpt lat="40.69112" lon="19.51517"/>
    <trkpt lat="40.69057" lon="19.51275"/>
    <trkpt lat="40.69022" lon="19.51192"/>
    <trkpt lat="40.68948" lon="19.50811"/>
    <trkpt lat="40.68836" lon="19.50542"/>
    <trkpt lat="40.68712" lon="19.50309"/>
    <trkpt lat="40.68708" lon="19.50175"/>
    <trkpt lat="40.68688" lon="19.50109"/>
    <trkpt lat="40.6847" lon="19.49771"/>
    <trkpt lat="40.68302" lon="19.49628"/>
    <trkpt lat="40.68229" lon="19.49536"/>
    <trkpt lat="40.68001" lon="19.49379"/>
    <trkpt lat="40.67858" lon="19.49146"/>
    <trkpt lat="40.67173" lon="19.48633"/>
    <trkpt lat="40.67366" lon="19.48195"/>
    <trkpt lat="40.67337" lon="19.48018"/>
    <trkpt lat="40.67375" lon="19.47908"/>
    <trkpt lat="40.67343" lon="19.47844"/>
    <trkpt lat="40.67289" lon="19.47834"/>
    <trkpt lat="40.67241" lon="19.47898"/>
    <trkpt lat="40.67264" lon="19.48021"/>
    <trkpt lat="40.67206" lon="19.48164"/>
    <trkpt lat="40.67076" lon="19.48297"/>
    <trkpt lat="40.66931" lon="19.48501"/>
    <trkpt lat="40.66806" lon="19.48627"/>
    <trkpt lat="40.66609" lon="19.48743"/>
    <trkpt lat="40.6564" lon="19.49104"/>
    <trkpt lat="40.63667" lon="19.5042"/>
    <trkpt lat="40.61395" lon="19.5224"/>
    <trkpt lat="40.61207" lon="19.52456"/>
    <trkpt lat="40.61076" lon="19.52682"/>
    <trkpt lat="40.60976" lon="19.52942"/>
    <trkpt lat="40.6028" lon="19.55613"/>
    <trkpt lat="40.6012" lon="19.5602"/>
    <trkpt lat="40.59573" lon="19.57094"/>
    <trkpt lat="40.59459" lon="19.57432"/>
    <trkpt lat="40.59416" lon="19.57712"/>
    <trkpt lat="40.59414" lon="19.58014"/>
    <trkpt lat="40.59605" lon="19.59967"/>
    <trkpt lat="40.59576" lon="19.60258"/>
    <trkpt lat="40.59492" lon="19.60515"/>
    <trkpt lat="40.59412" lon="19.60664"/>
    <trkpt lat="40.59295" lon="19.60815"/>
    <trkpt lat="40.58392" lon="19.61772"/>
    <trkpt lat="40.58094" lon="19.6198"/>
    <trkpt lat="40.57464" lon="19.62276"/>
    <trkpt lat="40.57259" lon="19.62449"/>
    <trkpt lat="40.57125" lon="19.62649"/>
    <trkpt lat="40.57045" lon="19.62845"/>
    <trkpt lat="40.5669" lon="19.64456"/>
    <trkpt lat="40.56634" lon="19.6462"/>
    <trkpt lat="40.56544" lon="19.64742"/>
    <trkpt lat="40.56462" lon="19.64797"/>
    <trkpt lat="40.56345" lon="19.64824"/>
    <trkpt lat="40.56128" lon="19.64832"/>
    <trkpt lat="40.55971" lon="19.64908"/>
    <trkpt lat="40.55769" lon="19.65198"/>
    <trkpt lat="40.55566" lon="19.65375"/>
    <trkpt lat="40.55451" lon="19.65536"/>
    <trkpt lat="40.55028" lon="19.66342"/>
    <trkpt lat="40.54777" lon="19.6688"/>
    <trkpt lat="40.53971" lon="19.69013"/>
    <trkpt lat="40.53771" lon="19.69697"/>
    <trkpt lat="40.53302" lon="19.71786"/>
    <trkpt lat="40.53031" lon="19.72392"/>
    <trkpt lat="40.52983" lon="19.72649"/>
    <trkpt lat="40.5284" lon="19.72902"/>
    <trkpt lat="40.5277" lon="19.73199"/>
    <trkpt lat="40.52612" lon="19.73399"/>
    <trkpt lat="40.52449" lon="19.73747"/>
    <trkpt lat="40.52041" lon="19.74125"/>
    <trkpt lat="40.51914" lon="19.74185"/>
    <trkpt lat="40.5168" lon="19.74196"/>
    <trkpt lat="40.51593" lon="19.74248"/>
    <trkpt lat="40.51532" lon="19.74315"/>
    <trkpt lat="40.51474" lon="19.7443"/>
    <trkpt lat="40.5125" lon="19.75059"/>
    <trkpt lat="40.51196" lon="19.75134"/>
    <trkpt lat="40.50979" lon="19.75307"/>
    <trkpt lat="40.50896" lon="19.75547"/>
    <trkpt lat="40.50709" lon="19.75899"/>
    <trkpt lat="40.50688" lon="19.76017"/>
    <trkpt lat="40.50695" lon="19.76382"/>
    <trkpt lat="40.50736" lon="19.76475"/>
    <trkpt lat="40.50864" lon="19.76615"/>
    <trkpt lat="40.50906" lon="19.76702"/>
    <trkpt lat="40.50935" lon="19.77034"/>
    <trkpt lat="40.51128" lon="19.77526"/>
    <trkpt lat="40.51243" lon="19.77952"/>
    <trkpt lat="40.51249" lon="19.78222"/>
    <trkpt lat="40.51296" lon="19.78397"/>
    <trkpt lat="40.51297" lon="19.7865"/>
    <trkpt lat="40.51391" lon="19.78937"/>
    <trkpt lat="40.51401" lon="19.79551"/>
    <trkpt lat="40.51371" lon="19.798"/>
    <trkpt lat="40.51404" lon="19.80037"/>
    <trkpt lat="40.51377" lon="19.80258"/>
    <trkpt lat="40.51312" lon="19.80413"/>
    <trkpt lat="40.51115" lon="19.8055"/>
    <trkpt lat="40.50985" lon="19.8075"/>
    <trkpt lat="40.50664" lon="19.80954"/>
    <trkpt lat="40.50507" lon="19.81115"/>
    <trkpt lat="40.49684" lon="19.82421"/>
    <trkpt lat="40.49509" lon="19.82841"/>
    <trkpt lat="40.49285" lon="19.8308"/>
    <trkpt lat="40.49235" lon="19.83211"/>
    <trkpt lat="40.49227" lon="19.83318"/>
    <trkpt lat="40.49258" lon="19.83465"/>
    <trkpt lat="40.49394" lon="19.83723"/>
    <trkpt lat="40.49396" lon="19.83828"/>
    <trkpt lat="40.49347" lon="19.83931"/>
    <trkpt lat="40.49265" lon="19.8398"/>
    <trkpt lat="40.48896" lon="19.84042"/>
    <trkpt lat="40.48553" lon="19.84006"/>
    <trkpt lat="40.4831" lon="19.84052"/>
    <trkpt lat="40.4821" lon="19.84093"/>
    <trkpt lat="40.4811" lon="19.84186"/>
    <trkpt lat="40.48037" lon="19.84326"/>
    <trkpt lat="40.4801" lon="19.84449"/>
    <trkpt lat="40.47982" lon="19.84804"/>
    <trkpt lat="40.47909" lon="19.84952"/>
    <trkpt lat="40.47835" lon="19.85014"/>
    <trkpt lat="40.47606" lon="19.85125"/>
    <trkpt lat="40.4731" lon="19.85112"/>
    <trkpt lat="40.47254" lon="19.85146"/>
    <trkpt lat="40.47166" lon="19.85244"/>
    <trkpt lat="40.47108" lon="19.85271"/>
    <trkpt lat="40.47017" lon="19.85268"/>
    <trkpt lat="40.46897" lon="19.85322"/>
    <trkpt lat="40.46681" lon="19.85341"/>
    <trkpt lat="40.46512" lon="19.85311"/>
    <trkpt lat="40.46275" lon="19.85203"/>
    <trkpt lat="40.4597" lon="19.85017"/>
    <trkpt lat="40.45519" lon="19.84857"/>
    <trkpt lat="40.45318" lon="19.84884"/>
    <trkpt lat="40.45036" lon="19.8485"/>
    <trkpt lat="40.44812" lon="19.84875"/>
    <trkpt lat="40.44136" lon="19.84851"/>
    <trkpt lat="40.43938" lon="19.84926"/>
    <trkpt lat="40.43809" lon="19.85021"/>
    <trkpt lat="40.43247" lon="19.85205"/>
    <trkpt lat="40.43074" lon="19.85303"/>
    <trkpt lat="40.42945" lon="19.85323"/>
    <trkpt lat="40.42856" lon="19.85304"/>
    <trkpt lat="40.42795" lon="19.85327"/>
    <trkpt lat="40.4246" lon="19.85494"/>
    <trkpt lat="40.42327" lon="19.85675"/>
    <trkpt lat="40.42245" lon="19.85733"/>
    <trkpt lat="40.42062" lon="19.85782"/>
    <trkpt lat="40.41828" lon="19.85733"/>
    <trkpt lat="40.41721" lon="19.85736"/>
    <trkpt lat="40.41622" lon="19.85773"/>
    <trkpt lat="40.4132" lon="19.85991"/>
    <trkpt lat="40.41219" lon="19.85997"/>
    <trkpt lat="40.41034" lon="19.85954"/>
    <trkpt lat="40.40606" lon="19.86063"/>
    <trkpt lat="40.4053" lon="19.86101"/>
    <trkpt lat="40.40281" lon="19.86324"/>
    <trkpt lat="40.40011" lon="19.86381"/>
    <trkpt lat="40.39921" lon="19.86437"/>
    <trkpt lat="40.39851" lon="19.86559"/>
    <trkpt lat="40.39801" lon="19.86798"/>
    <trkpt lat="40.39658" lon="19.8704"/>
    <trkpt lat="40.39595" lon="19.8712"/>
    <trkpt lat="40.39401" lon="19.87247"/>
    <trkpt lat="40.38843" lon="19.88091"/>
    <trkpt lat="40.38699" lon="19.88362"/>
    <trkpt lat="40.38543" lon="19.88604"/>
    <trkpt lat="40.38368" lon="19.88764"/>
    <trkpt lat="40.38349" lon="19.88861"/>
    <trkpt lat="40.38407" lon="19.89172"/>
    <trkpt lat="40.38342" lon="19.89346"/>
    <trkpt lat="40.38302" lon="19.89545"/>
    <trkpt lat="40.38219" lon="19.89814"/>
    <trkpt lat="40.38119" lon="19.90032"/>
    <trkpt lat="40.38071" lon="19.90182"/>
    <trkpt lat="40.37872" lon="19.90496"/>
    <trkpt lat="40.37801" lon="19.90556"/>
    <trkpt lat="40.37342" lon="19.90718"/>
    <trkpt lat="40.37026" lon="19.90772"/>
    <trkpt lat="40.36767" lon="19.90846"/>
    <trkpt lat="40.36579" lon="19.90855"/>
    <trkpt lat="40.36515" lon="19.90896"/>
    <trkpt lat="40.36479" lon="19.90956"/>
    <trkpt lat="40.36461" lon="19.91085"/>
    <trkpt lat="40.36532" lon="19.91347"/>
    <trkpt lat="40.36541" lon="19.9148"/>
    <trkpt lat="40.36514" lon="19.91731"/>
    <trkpt lat="40.36416" lon="19.92273"/>
    <trkpt lat="40.36349" lon="19.92473"/>
    <trkpt lat="40.36272" lon="19.92623"/>
    <trkpt lat="40.35706" lon="19.93411"/>
    <trkpt lat="40.35618" lon="19.93594"/>
    <trkpt lat="40.3556" lon="19.93873"/>
    <trkpt lat="40.35594" lon="19.94381"/>
    <trkpt lat="40.35583" lon="19.94542"/>
    <trkpt lat="40.35477" lon="19.94858"/>
    <trkpt lat="40.35343" lon="19.95116"/>
    <trkpt lat="40.35319" lon="19.95314"/>
    <trkpt lat="40.35207" lon="19.95661"/>
    <trkpt lat="40.35215" lon="19.95995"/>
    <trkpt lat="40.35272" lon="19.9619"/>
    <trkpt lat="40.35272" lon="19.96348"/>
    <trkpt lat="40.35314" lon="19.96635"/>
    <trkpt lat="40.35296" lon="19.96827"/>
    <trkpt lat="40.35331" lon="19.97084"/>
    <trkpt lat="40.3531" lon="19.97153"/>
    <trkpt lat="40.34976" lon="19.97436"/>
    <trkpt lat="40.34937" lon="19.97603"/>
    <trkpt lat="40.34907" lon="19.97657"/>
    <trkpt lat="40.3447" lon="19.97966"/>
    <trkpt lat="40.34375" lon="19.98059"/>
    <trkpt lat="40.34297" lon="19.98212"/>
    <trkpt lat="40.34141" lon="19.98246"/>
    <trkpt lat="40.34022" lon="19.98392"/>
    <trkpt lat="40.33883" lon="19.98459"/>
    <trkpt lat="40.33735" lon="19.98607"/>
    <trkpt lat="40.33487" lon="19.99148"/>
    <trkpt lat="40.33381" lon="19.99331"/>
    <trkpt lat="40.33158" lon="19.99458"/>
    <trkpt lat="40.33034" lon="19.99627"/>
    <trkpt lat="40.32902" lon="19.99866"/>
    <trkpt lat="40.32748" lon="19.99999"/>
    <trkpt lat="40.32532" lon="20.00292"/>
    <trkpt lat="40.32375" lon="20.00409"/>
    <trkpt lat="40.32237" lon="20.00582"/>
    <trkpt lat="40.31792" lon="20.00979"/>
    <trkpt lat="40.31563" lon="20.01115"/>
    <trkpt lat="40.31412" lon="20.01356"/>
    <trkpt lat="40.31145" lon="20.01493"/>
    <trkpt lat="40.30994" lon="20.01632"/>
    <trkpt lat="40.30756" lon="20.01634"/>
    <trkpt lat="40.30501" lon="20.0178"/>
    <trkpt lat="40.30139" lon="20.02192"/>
    <trkpt lat="40.30105" lon="20.02172"/>
    <trkpt lat="40.30036" lon="20.02061"/>
    <trkpt lat="40.29924" lon="20.0196"/>
    <trkpt lat="40.29802" lon="20.01704"/>
    <trkpt lat="40.29889" lon="20.01967"/>
    <trkpt lat="40.29881" lon="20.02029"/>
    <trkpt lat="40.29715" lon="20.02081"/>
    <trkpt lat="40.29701" lon="20.01993"/>
    <trkpt lat="40.29484" lon="20.02058"/>
    <trkpt lat="40.29473" lon="20.02095"/>
    <trkpt lat="40.29362" lon="20.02092"/>
    <trkpt lat="40.29277" lon="20.02135"/>
    <trkpt lat="40.28895" lon="20.02461"/>
    <trkpt lat="40.28797" lon="20.02615"/>
    <trkpt lat="40.28661" lon="20.02754"/>
    <trkpt lat="40.28449" lon="20.02886"/>
    <trkpt lat="40.28319" lon="20.0302"/>
    <trkpt lat="40.27921" lon="20.03329"/>
    <trkpt lat="40.27758" lon="20.03539"/>
    <trkpt lat="40.27546" lon="20.03698"/>
    <trkpt lat="40.2735" lon="20.03766"/>
    <trkpt lat="40.27279" lon="20.03812"/>
    <trkpt lat="40.27198" lon="20.03927"/>
    <trkpt lat="40.26822" lon="20.04747"/>
    <trkpt lat="40.26707" lon="20.0492"/>
    <trkpt lat="40.26595" lon="20.05034"/>
    <trkpt lat="40.26488" lon="20.05109"/>
    <trkpt lat="40.26237" lon="20.05211"/>
    <trkpt lat="40.26069" lon="20.05248"/>
    <trkpt lat="40.25892" lon="20.05403"/>
    <trkpt lat="40.25715" lon="20.0562"/>
    <trkpt lat="40.25414" lon="20.06103"/>
    <trkpt lat="40.25263" lon="20.06106"/>
    <trkpt lat="40.25212" lon="20.06144"/>
    <trkpt lat="40.25117" lon="20.06309"/>
    <trkpt lat="40.25099" lon="20.06394"/>
    <trkpt lat="40.25061" lon="20.06451"/>
    <trkpt lat="40.25036" lon="20.06534"/>
    <trkpt lat="40.24983" lon="20.06605"/>
    <trkpt lat="40.24948" lon="20.06743"/>
    <trkpt lat="40.24883" lon="20.06864"/>
    <trkpt lat="40.24851" lon="20.07028"/>
    <trkpt lat="40.24623" lon="20.07263"/>
    <trkpt lat="40.24496" lon="20.07269"/>
    <trkpt lat="40.24421" lon="20.07303"/>
    <trkpt lat="40.24231" lon="20.07557"/>
    <trkpt lat="40.239" lon="20.07612"/>
    <trkpt lat="40.23845" lon="20.07638"/>
    <trkpt lat="40.23664" lon="20.07881"/>
    <trkpt lat="40.23382" lon="20.08031"/>
    <trkpt lat="40.23227" lon="20.08192"/>
    <trkpt lat="40.23042" lon="20.08328"/>
    <trkpt lat="40.22938" lon="20.08457"/>
    <trkpt lat="40.22885" lon="20.08495"/>
    <trkpt lat="40.22519" lon="20.0858"/>
    <trkpt lat="40.22192" lon="20.08739"/>
    <trkpt lat="40.22134" lon="20.08727"/>
    <trkpt lat="40.22013" lon="20.08624"/>
    <trkpt lat="40.21952" lon="20.08599"/>
    <trkpt lat="40.21802" lon="20.08585"/>
    <trkpt lat="40.21676" lon="20.08605"/>
    <trkpt lat="40.2153" lon="20.08681"/>
    <trkpt lat="40.20908" lon="20.08898"/>
    <trkpt lat="40.20712" lon="20.08887"/>
    <trkpt lat="40.20622" lon="20.08905"/>
    <trkpt lat="40.2056" lon="20.0894"/>
    <trkpt lat="40.20379" lon="20.09109"/>
    <trkpt lat="40.20296" lon="20.09136"/>
    <trkpt lat="40.20191" lon="20.09118"/>
    <trkpt lat="40.20106" lon="20.09052"/>
    <trkpt lat="40.19695" lon="20.0842"/>
    <trkpt lat="40.19596" lon="20.08314"/>
    <trkpt lat="40.19489" lon="20.08258"/>
    <trkpt lat="40.18985" lon="20.08114"/>
    <trkpt lat="40.18405" lon="20.07658"/>
    <trkpt lat="40.1825" lon="20.07634"/>
    <trkpt lat="40.17766" lon="20.07715"/>
    <trkpt lat="40.17398" lon="20.07834"/>
    <trkpt lat="40.17251" lon="20.07938"/>
    <trkpt lat="40.16884" lon="20.0834"/>
    <trkpt lat="40.16436" lon="20.08606"/>
    <trkpt lat="40.16049" lon="20.08784"/>
    <trkpt lat="40.14027" lon="20.10057"/>
    <trkpt lat="40.13634" lon="20.1025"/>
    <trkpt lat="40.11701" lon="20.11762"/>
    <trkpt lat="40.10868" lon="20.12244"/>
    <trkpt lat="40.10728" lon="20.1225"/>
    <trkpt lat="40.10455" lon="20.12352"/>
    <trkpt lat="40.10353" lon="20.12412"/>
    <trkpt lat="40.10279" lon="20.12471"/>
    <trkpt lat="40.10198" lon="20.12697"/>
    <trkpt lat="40.10083" lon="20.12824"/>
    <trkpt lat="40.0939" lon="20.13537"/>
    <trkpt lat="40.08984" lon="20.13846"/>
    <trkpt lat="40.08861" lon="20.13981"/>
    <trkpt lat="40.08639" lon="20.14284"/>
    <trkpt lat="40.08517" lon="20.14346"/>
    <trkpt lat="40.08423" lon="20.14436"/>
    <trkpt lat="40.0802" lon="20.13807"/>
    <trkpt lat="40.08006" lon="20.13826"/>
    <trkpt lat="40.0791" lon="20.1379"/>
    <trkpt lat="40.07742" lon="20.1388"/>
    <trkpt lat="40.07733" lon="20.13996"/>
    <trkpt lat="40.07713" lon="20.13932"/>
  </trkseg></trk>
  <trk><name>2 Po·B – Frashër nevyjde: otočka a přes kaňon Osumi do Çorovodë</name><trkseg>
    <trkpt lat="40.23332" lon="20.35352"/>
    <trkpt lat="40.2345" lon="20.35225"/>
    <trkpt lat="40.23583" lon="20.35172"/>
    <trkpt lat="40.23594" lon="20.35233"/>
    <trkpt lat="40.23808" lon="20.35192"/>
    <trkpt lat="40.23722" lon="20.35041"/>
    <trkpt lat="40.23948" lon="20.34848"/>
    <trkpt lat="40.24094" lon="20.34682"/>
    <trkpt lat="40.24256" lon="20.34329"/>
    <trkpt lat="40.24256" lon="20.34245"/>
    <trkpt lat="40.24368" lon="20.34014"/>
    <trkpt lat="40.24406" lon="20.3383"/>
    <trkpt lat="40.24481" lon="20.33708"/>
    <trkpt lat="40.24577" lon="20.33381"/>
    <trkpt lat="40.24713" lon="20.33087"/>
    <trkpt lat="40.24865" lon="20.32852"/>
    <trkpt lat="40.24924" lon="20.32689"/>
    <trkpt lat="40.24943" lon="20.32738"/>
    <trkpt lat="40.24983" lon="20.32717"/>
    <trkpt lat="40.25012" lon="20.32745"/>
    <trkpt lat="40.25125" lon="20.32728"/>
    <trkpt lat="40.25255" lon="20.32602"/>
    <trkpt lat="40.25403" lon="20.32495"/>
    <trkpt lat="40.25512" lon="20.32466"/>
    <trkpt lat="40.25576" lon="20.32422"/>
    <trkpt lat="40.25671" lon="20.3229"/>
    <trkpt lat="40.25713" lon="20.3226"/>
    <trkpt lat="40.25756" lon="20.3233"/>
    <trkpt lat="40.25815" lon="20.32347"/>
    <trkpt lat="40.25949" lon="20.32219"/>
    <trkpt lat="40.26146" lon="20.3194"/>
    <trkpt lat="40.26214" lon="20.31793"/>
    <trkpt lat="40.26244" lon="20.31656"/>
    <trkpt lat="40.2621" lon="20.31289"/>
    <trkpt lat="40.26296" lon="20.30623"/>
    <trkpt lat="40.26528" lon="20.30189"/>
    <trkpt lat="40.26614" lon="20.29888"/>
    <trkpt lat="40.26796" lon="20.29413"/>
    <trkpt lat="40.27176" lon="20.28023"/>
    <trkpt lat="40.27296" lon="20.28063"/>
    <trkpt lat="40.27447" lon="20.28054"/>
    <trkpt lat="40.27561" lon="20.28093"/>
    <trkpt lat="40.27638" lon="20.28152"/>
    <trkpt lat="40.279" lon="20.28544"/>
    <trkpt lat="40.28016" lon="20.28637"/>
    <trkpt lat="40.28042" lon="20.28729"/>
    <trkpt lat="40.28023" lon="20.28917"/>
    <trkpt lat="40.27996" lon="20.29007"/>
    <trkpt lat="40.28157" lon="20.29097"/>
    <trkpt lat="40.28321" lon="20.29506"/>
    <trkpt lat="40.28345" lon="20.29643"/>
    <trkpt lat="40.28444" lon="20.29833"/>
    <trkpt lat="40.28553" lon="20.30004"/>
    <trkpt lat="40.28942" lon="20.3041"/>
    <trkpt lat="40.29093" lon="20.30522"/>
    <trkpt lat="40.29138" lon="20.30617"/>
    <trkpt lat="40.2931" lon="20.30691"/>
    <trkpt lat="40.29371" lon="20.30693"/>
    <trkpt lat="40.29458" lon="20.30774"/>
    <trkpt lat="40.29491" lon="20.30866"/>
    <trkpt lat="40.29828" lon="20.31047"/>
    <trkpt lat="40.29901" lon="20.31109"/>
    <trkpt lat="40.30004" lon="20.31139"/>
    <trkpt lat="40.30096" lon="20.31199"/>
    <trkpt lat="40.30151" lon="20.31182"/>
    <trkpt lat="40.30235" lon="20.31204"/>
    <trkpt lat="40.30614" lon="20.31349"/>
    <trkpt lat="40.30672" lon="20.314"/>
    <trkpt lat="40.30811" lon="20.31613"/>
    <trkpt lat="40.30967" lon="20.31762"/>
    <trkpt lat="40.30994" lon="20.31769"/>
    <trkpt lat="40.31028" lon="20.31723"/>
    <trkpt lat="40.3105" lon="20.31722"/>
    <trkpt lat="40.31246" lon="20.31849"/>
    <trkpt lat="40.3137" lon="20.32048"/>
    <trkpt lat="40.31597" lon="20.32102"/>
    <trkpt lat="40.31716" lon="20.32155"/>
    <trkpt lat="40.31856" lon="20.32342"/>
    <trkpt lat="40.31947" lon="20.32398"/>
    <trkpt lat="40.31981" lon="20.32454"/>
    <trkpt lat="40.32104" lon="20.3251"/>
    <trkpt lat="40.32175" lon="20.32637"/>
    <trkpt lat="40.32348" lon="20.32696"/>
    <trkpt lat="40.32425" lon="20.32682"/>
    <trkpt lat="40.32581" lon="20.32763"/>
    <trkpt lat="40.32811" lon="20.32963"/>
    <trkpt lat="40.32831" lon="20.3302"/>
    <trkpt lat="40.32916" lon="20.33118"/>
    <trkpt lat="40.33002" lon="20.3315"/>
    <trkpt lat="40.32934" lon="20.33159"/>
    <trkpt lat="40.32932" lon="20.33212"/>
    <trkpt lat="40.32955" lon="20.33257"/>
    <trkpt lat="40.33083" lon="20.33357"/>
    <trkpt lat="40.33183" lon="20.3352"/>
    <trkpt lat="40.33298" lon="20.33888"/>
    <trkpt lat="40.33367" lon="20.33957"/>
    <trkpt lat="40.33306" lon="20.33998"/>
    <trkpt lat="40.33499" lon="20.34141"/>
    <trkpt lat="40.33608" lon="20.34162"/>
    <trkpt lat="40.33711" lon="20.34261"/>
    <trkpt lat="40.33822" lon="20.34251"/>
    <trkpt lat="40.3382" lon="20.3427"/>
    <trkpt lat="40.33782" lon="20.34269"/>
    <trkpt lat="40.33722" lon="20.34317"/>
    <trkpt lat="40.33782" lon="20.3429"/>
    <trkpt lat="40.33805" lon="20.343"/>
    <trkpt lat="40.33825" lon="20.34348"/>
    <trkpt lat="40.33909" lon="20.34445"/>
    <trkpt lat="40.33931" lon="20.34503"/>
    <trkpt lat="40.33914" lon="20.34511"/>
    <trkpt lat="40.3385" lon="20.34451"/>
    <trkpt lat="40.33715" lon="20.34419"/>
    <trkpt lat="40.33682" lon="20.34438"/>
    <trkpt lat="40.33728" lon="20.34439"/>
    <trkpt lat="40.33794" lon="20.34493"/>
    <trkpt lat="40.33853" lon="20.34604"/>
    <trkpt lat="40.33933" lon="20.34634"/>
    <trkpt lat="40.33933" lon="20.34659"/>
    <trkpt lat="40.33834" lon="20.34664"/>
    <trkpt lat="40.33736" lon="20.34636"/>
    <trkpt lat="40.33733" lon="20.34654"/>
    <trkpt lat="40.33814" lon="20.34696"/>
    <trkpt lat="40.33724" lon="20.347"/>
    <trkpt lat="40.33658" lon="20.34663"/>
    <trkpt lat="40.33637" lon="20.34578"/>
    <trkpt lat="40.33604" lon="20.34552"/>
    <trkpt lat="40.33489" lon="20.34599"/>
    <trkpt lat="40.33443" lon="20.34639"/>
    <trkpt lat="40.33458" lon="20.34659"/>
    <trkpt lat="40.33592" lon="20.34673"/>
    <trkpt lat="40.33598" lon="20.34696"/>
    <trkpt lat="40.33521" lon="20.34701"/>
    <trkpt lat="40.33408" lon="20.34775"/>
    <trkpt lat="40.33347" lon="20.34653"/>
    <trkpt lat="40.33323" lon="20.3453"/>
    <trkpt lat="40.33203" lon="20.34532"/>
    <trkpt lat="40.33187" lon="20.34543"/>
    <trkpt lat="40.33166" lon="20.34669"/>
    <trkpt lat="40.33118" lon="20.34758"/>
    <trkpt lat="40.33217" lon="20.34836"/>
    <trkpt lat="40.33291" lon="20.34948"/>
    <trkpt lat="40.33312" lon="20.35045"/>
    <trkpt lat="40.33278" lon="20.35106"/>
    <trkpt lat="40.33336" lon="20.35167"/>
    <trkpt lat="40.33352" lon="20.3523"/>
    <trkpt lat="40.33417" lon="20.35256"/>
    <trkpt lat="40.33517" lon="20.35393"/>
    <trkpt lat="40.33501" lon="20.35472"/>
    <trkpt lat="40.3342" lon="20.3551"/>
    <trkpt lat="40.33373" lon="20.35646"/>
    <trkpt lat="40.33482" lon="20.35687"/>
    <trkpt lat="40.335" lon="20.35747"/>
    <trkpt lat="40.33563" lon="20.35769"/>
    <trkpt lat="40.33586" lon="20.35869"/>
    <trkpt lat="40.33622" lon="20.35871"/>
    <trkpt lat="40.33673" lon="20.35933"/>
    <trkpt lat="40.33715" lon="20.35946"/>
    <trkpt lat="40.33712" lon="20.36003"/>
    <trkpt lat="40.33748" lon="20.36044"/>
    <trkpt lat="40.33729" lon="20.36086"/>
    <trkpt lat="40.33735" lon="20.36143"/>
    <trkpt lat="40.33715" lon="20.3616"/>
    <trkpt lat="40.33655" lon="20.36144"/>
    <trkpt lat="40.3363" lon="20.36177"/>
    <trkpt lat="40.33559" lon="20.36206"/>
    <trkpt lat="40.33542" lon="20.36344"/>
    <trkpt lat="40.33517" lon="20.36334"/>
    <trkpt lat="40.33486" lon="20.3628"/>
    <trkpt lat="40.3346" lon="20.36278"/>
    <trkpt lat="40.33417" lon="20.3642"/>
    <trkpt lat="40.33302" lon="20.36364"/>
    <trkpt lat="40.33235" lon="20.3636"/>
    <trkpt lat="40.33203" lon="20.36381"/>
    <trkpt lat="40.33167" lon="20.3647"/>
    <trkpt lat="40.33049" lon="20.36424"/>
    <trkpt lat="40.32951" lon="20.3647"/>
    <trkpt lat="40.32942" lon="20.36499"/>
    <trkpt lat="40.32952" lon="20.36526"/>
    <trkpt lat="40.33121" lon="20.3665"/>
    <trkpt lat="40.33261" lon="20.36714"/>
    <trkpt lat="40.33387" lon="20.36735"/>
    <trkpt lat="40.33523" lon="20.36834"/>
    <trkpt lat="40.33593" lon="20.37063"/>
    <trkpt lat="40.33474" lon="20.37057"/>
    <trkpt lat="40.33459" lon="20.37082"/>
    <trkpt lat="40.3348" lon="20.37139"/>
    <trkpt lat="40.33565" lon="20.37234"/>
    <trkpt lat="40.3358" lon="20.37227"/>
    <trkpt lat="40.3356" lon="20.37173"/>
    <trkpt lat="40.33568" lon="20.37146"/>
    <trkpt lat="40.33644" lon="20.37246"/>
    <trkpt lat="40.33666" lon="20.37188"/>
    <trkpt lat="40.33766" lon="20.37097"/>
    <trkpt lat="40.33826" lon="20.37188"/>
    <trkpt lat="40.3393" lon="20.37207"/>
    <trkpt lat="40.33993" lon="20.37185"/>
    <trkpt lat="40.34073" lon="20.37256"/>
    <trkpt lat="40.34098" lon="20.37375"/>
    <trkpt lat="40.34181" lon="20.37433"/>
    <trkpt lat="40.3419" lon="20.37512"/>
    <trkpt lat="40.34217" lon="20.3755"/>
    <trkpt lat="40.34219" lon="20.37612"/>
    <trkpt lat="40.34257" lon="20.37681"/>
    <trkpt lat="40.34219" lon="20.37804"/>
    <trkpt lat="40.34264" lon="20.37885"/>
    <trkpt lat="40.34248" lon="20.37969"/>
    <trkpt lat="40.3426" lon="20.38046"/>
    <trkpt lat="40.34331" lon="20.38114"/>
    <trkpt lat="40.34444" lon="20.38423"/>
    <trkpt lat="40.34487" lon="20.38451"/>
    <trkpt lat="40.34551" lon="20.38542"/>
    <trkpt lat="40.34576" lon="20.38635"/>
    <trkpt lat="40.34637" lon="20.38742"/>
    <trkpt lat="40.34645" lon="20.388"/>
    <trkpt lat="40.34695" lon="20.38901"/>
    <trkpt lat="40.34691" lon="20.38972"/>
    <trkpt lat="40.34616" lon="20.39105"/>
    <trkpt lat="40.3461" lon="20.3922"/>
    <trkpt lat="40.34584" lon="20.39267"/>
    <trkpt lat="40.34608" lon="20.3934"/>
    <trkpt lat="40.34583" lon="20.39419"/>
    <trkpt lat="40.34522" lon="20.3954"/>
    <trkpt lat="40.34409" lon="20.39667"/>
    <trkpt lat="40.34351" lon="20.39689"/>
    <trkpt lat="40.34311" lon="20.39738"/>
    <trkpt lat="40.34282" lon="20.39801"/>
    <trkpt lat="40.34288" lon="20.39866"/>
    <trkpt lat="40.34322" lon="20.39895"/>
    <trkpt lat="40.34295" lon="20.39943"/>
    <trkpt lat="40.34347" lon="20.39931"/>
    <trkpt lat="40.34383" lon="20.39867"/>
    <trkpt lat="40.34513" lon="20.39864"/>
    <trkpt lat="40.34544" lon="20.3981"/>
    <trkpt lat="40.34586" lon="20.39822"/>
    <trkpt lat="40.34654" lon="20.39801"/>
    <trkpt lat="40.34727" lon="20.39714"/>
    <trkpt lat="40.34857" lon="20.3972"/>
    <trkpt lat="40.3494" lon="20.4003"/>
    <trkpt lat="40.3492" lon="20.40281"/>
    <trkpt lat="40.34963" lon="20.40362"/>
    <trkpt lat="40.34999" lon="20.40377"/>
    <trkpt lat="40.3501" lon="20.40323"/>
    <trkpt lat="40.35059" lon="20.40294"/>
    <trkpt lat="40.3512" lon="20.40199"/>
    <trkpt lat="40.35133" lon="20.40122"/>
    <trkpt lat="40.35171" lon="20.40066"/>
    <trkpt lat="40.35188" lon="20.40066"/>
    <trkpt lat="40.35276" lon="20.40185"/>
    <trkpt lat="40.35278" lon="20.40303"/>
    <trkpt lat="40.35325" lon="20.40438"/>
    <trkpt lat="40.35341" lon="20.40594"/>
    <trkpt lat="40.35319" lon="20.40739"/>
    <trkpt lat="40.35334" lon="20.40772"/>
    <trkpt lat="40.35381" lon="20.40717"/>
    <trkpt lat="40.35428" lon="20.40715"/>
    <trkpt lat="40.35414" lon="20.40645"/>
    <trkpt lat="40.35439" lon="20.40612"/>
    <trkpt lat="40.35444" lon="20.40554"/>
    <trkpt lat="40.35485" lon="20.40517"/>
    <trkpt lat="40.35503" lon="20.404"/>
    <trkpt lat="40.35527" lon="20.40366"/>
    <trkpt lat="40.35539" lon="20.40285"/>
    <trkpt lat="40.35576" lon="20.40226"/>
    <trkpt lat="40.3558" lon="20.40097"/>
    <trkpt lat="40.35561" lon="20.40032"/>
    <trkpt lat="40.35573" lon="20.40002"/>
    <trkpt lat="40.3566" lon="20.40292"/>
    <trkpt lat="40.35654" lon="20.40588"/>
    <trkpt lat="40.35691" lon="20.40662"/>
    <trkpt lat="40.35711" lon="20.40755"/>
    <trkpt lat="40.35728" lon="20.40755"/>
    <trkpt lat="40.35839" lon="20.40595"/>
    <trkpt lat="40.35876" lon="20.40474"/>
    <trkpt lat="40.36019" lon="20.40271"/>
    <trkpt lat="40.36057" lon="20.40251"/>
    <trkpt lat="40.36069" lon="20.40195"/>
    <trkpt lat="40.36126" lon="20.40113"/>
    <trkpt lat="40.36129" lon="20.40205"/>
    <trkpt lat="40.36042" lon="20.40592"/>
    <trkpt lat="40.36069" lon="20.40734"/>
    <trkpt lat="40.36039" lon="20.40829"/>
    <trkpt lat="40.36004" lon="20.40845"/>
    <trkpt lat="40.36019" lon="20.40884"/>
    <trkpt lat="40.36127" lon="20.40845"/>
    <trkpt lat="40.36219" lon="20.40877"/>
    <trkpt lat="40.36287" lon="20.40851"/>
    <trkpt lat="40.36375" lon="20.40915"/>
    <trkpt lat="40.36475" lon="20.40906"/>
    <trkpt lat="40.36523" lon="20.40853"/>
    <trkpt lat="40.36633" lon="20.40931"/>
    <trkpt lat="40.36658" lon="20.40899"/>
    <trkpt lat="40.36713" lon="20.40895"/>
    <trkpt lat="40.36773" lon="20.40749"/>
    <trkpt lat="40.36854" lon="20.40729"/>
    <trkpt lat="40.36898" lon="20.40747"/>
    <trkpt lat="40.3681" lon="20.41038"/>
    <trkpt lat="40.36832" lon="20.41083"/>
    <trkpt lat="40.36973" lon="20.4117"/>
    <trkpt lat="40.36974" lon="20.4122"/>
    <trkpt lat="40.37031" lon="20.41279"/>
    <trkpt lat="40.37031" lon="20.41333"/>
    <trkpt lat="40.36987" lon="20.41366"/>
    <trkpt lat="40.36998" lon="20.41444"/>
    <trkpt lat="40.36953" lon="20.41461"/>
    <trkpt lat="40.36988" lon="20.41543"/>
    <trkpt lat="40.36969" lon="20.41605"/>
    <trkpt lat="40.36909" lon="20.41628"/>
    <trkpt lat="40.36877" lon="20.41672"/>
    <trkpt lat="40.36809" lon="20.41643"/>
    <trkpt lat="40.36775" lon="20.41601"/>
    <trkpt lat="40.36746" lon="20.41625"/>
    <trkpt lat="40.36701" lon="20.4162"/>
    <trkpt lat="40.36702" lon="20.4169"/>
    <trkpt lat="40.36766" lon="20.4174"/>
    <trkpt lat="40.36778" lon="20.41778"/>
    <trkpt lat="40.36734" lon="20.41848"/>
    <trkpt lat="40.3672" lon="20.41988"/>
    <trkpt lat="40.36687" lon="20.42055"/>
    <trkpt lat="40.36613" lon="20.421"/>
    <trkpt lat="40.3661" lon="20.42202"/>
    <trkpt lat="40.36516" lon="20.42397"/>
    <trkpt lat="40.36531" lon="20.42445"/>
    <trkpt lat="40.36523" lon="20.42571"/>
    <trkpt lat="40.36593" lon="20.42712"/>
    <trkpt lat="40.36594" lon="20.42773"/>
    <trkpt lat="40.36616" lon="20.42805"/>
    <trkpt lat="40.36594" lon="20.42773"/>
    <trkpt lat="40.36593" lon="20.42712"/>
    <trkpt lat="40.36523" lon="20.42571"/>
    <trkpt lat="40.36531" lon="20.42445"/>
    <trkpt lat="40.36516" lon="20.42397"/>
    <trkpt lat="40.3661" lon="20.42202"/>
    <trkpt lat="40.36613" lon="20.421"/>
    <trkpt lat="40.36687" lon="20.42055"/>
    <trkpt lat="40.3672" lon="20.41988"/>
    <trkpt lat="40.36734" lon="20.41848"/>
    <trkpt lat="40.36778" lon="20.41778"/>
    <trkpt lat="40.36766" lon="20.4174"/>
    <trkpt lat="40.36702" lon="20.4169"/>
    <trkpt lat="40.36701" lon="20.4162"/>
    <trkpt lat="40.36746" lon="20.41625"/>
    <trkpt lat="40.36775" lon="20.41601"/>
    <trkpt lat="40.36809" lon="20.41643"/>
    <trkpt lat="40.36877" lon="20.41672"/>
    <trkpt lat="40.36909" lon="20.41628"/>
    <trkpt lat="40.36969" lon="20.41605"/>
    <trkpt lat="40.36988" lon="20.41543"/>
    <trkpt lat="40.36953" lon="20.41461"/>
    <trkpt lat="40.36998" lon="20.41444"/>
    <trkpt lat="40.36987" lon="20.41366"/>
    <trkpt lat="40.37031" lon="20.41333"/>
    <trkpt lat="40.37031" lon="20.41279"/>
    <trkpt lat="40.36974" lon="20.4122"/>
    <trkpt lat="40.36973" lon="20.4117"/>
    <trkpt lat="40.36832" lon="20.41083"/>
    <trkpt lat="40.3681" lon="20.41038"/>
    <trkpt lat="40.36898" lon="20.40747"/>
    <trkpt lat="40.36854" lon="20.40729"/>
    <trkpt lat="40.36773" lon="20.40749"/>
    <trkpt lat="40.36713" lon="20.40895"/>
    <trkpt lat="40.36658" lon="20.40899"/>
    <trkpt lat="40.36633" lon="20.40931"/>
    <trkpt lat="40.36523" lon="20.40853"/>
    <trkpt lat="40.36475" lon="20.40906"/>
    <trkpt lat="40.36375" lon="20.40915"/>
    <trkpt lat="40.36287" lon="20.40851"/>
    <trkpt lat="40.36219" lon="20.40877"/>
    <trkpt lat="40.36127" lon="20.40845"/>
    <trkpt lat="40.36019" lon="20.40884"/>
    <trkpt lat="40.36004" lon="20.40845"/>
    <trkpt lat="40.36039" lon="20.40829"/>
    <trkpt lat="40.36069" lon="20.40734"/>
    <trkpt lat="40.36042" lon="20.40592"/>
    <trkpt lat="40.36129" lon="20.40205"/>
    <trkpt lat="40.36126" lon="20.40113"/>
    <trkpt lat="40.36069" lon="20.40195"/>
    <trkpt lat="40.36057" lon="20.40251"/>
    <trkpt lat="40.36019" lon="20.40271"/>
    <trkpt lat="40.35876" lon="20.40474"/>
    <trkpt lat="40.35839" lon="20.40595"/>
    <trkpt lat="40.35728" lon="20.40755"/>
    <trkpt lat="40.35711" lon="20.40755"/>
    <trkpt lat="40.35691" lon="20.40662"/>
    <trkpt lat="40.35654" lon="20.40588"/>
    <trkpt lat="40.3566" lon="20.40292"/>
    <trkpt lat="40.35573" lon="20.40002"/>
    <trkpt lat="40.35561" lon="20.40032"/>
    <trkpt lat="40.3558" lon="20.40097"/>
    <trkpt lat="40.35576" lon="20.40226"/>
    <trkpt lat="40.35539" lon="20.40285"/>
    <trkpt lat="40.35527" lon="20.40366"/>
    <trkpt lat="40.35503" lon="20.404"/>
    <trkpt lat="40.35485" lon="20.40517"/>
    <trkpt lat="40.35444" lon="20.40554"/>
    <trkpt lat="40.35439" lon="20.40612"/>
    <trkpt lat="40.35414" lon="20.40645"/>
    <trkpt lat="40.35428" lon="20.40715"/>
    <trkpt lat="40.35381" lon="20.40717"/>
    <trkpt lat="40.35334" lon="20.40772"/>
    <trkpt lat="40.35319" lon="20.40739"/>
    <trkpt lat="40.35341" lon="20.40594"/>
    <trkpt lat="40.35325" lon="20.40438"/>
    <trkpt lat="40.35278" lon="20.40303"/>
    <trkpt lat="40.35276" lon="20.40185"/>
    <trkpt lat="40.35188" lon="20.40066"/>
    <trkpt lat="40.35171" lon="20.40066"/>
    <trkpt lat="40.35133" lon="20.40122"/>
    <trkpt lat="40.3512" lon="20.40199"/>
    <trkpt lat="40.35059" lon="20.40294"/>
    <trkpt lat="40.3501" lon="20.40323"/>
    <trkpt lat="40.34999" lon="20.40377"/>
    <trkpt lat="40.34963" lon="20.40362"/>
    <trkpt lat="40.3492" lon="20.40281"/>
    <trkpt lat="40.3494" lon="20.4003"/>
    <trkpt lat="40.34857" lon="20.3972"/>
    <trkpt lat="40.34727" lon="20.39714"/>
    <trkpt lat="40.34654" lon="20.39801"/>
    <trkpt lat="40.34586" lon="20.39822"/>
    <trkpt lat="40.34544" lon="20.3981"/>
    <trkpt lat="40.34513" lon="20.39864"/>
    <trkpt lat="40.34383" lon="20.39867"/>
    <trkpt lat="40.34347" lon="20.39931"/>
    <trkpt lat="40.34295" lon="20.39943"/>
    <trkpt lat="40.34322" lon="20.39895"/>
    <trkpt lat="40.34288" lon="20.39866"/>
    <trkpt lat="40.34282" lon="20.39801"/>
    <trkpt lat="40.34311" lon="20.39738"/>
    <trkpt lat="40.34351" lon="20.39689"/>
    <trkpt lat="40.34409" lon="20.39667"/>
    <trkpt lat="40.34522" lon="20.3954"/>
    <trkpt lat="40.34583" lon="20.39419"/>
    <trkpt lat="40.34608" lon="20.3934"/>
    <trkpt lat="40.34584" lon="20.39267"/>
    <trkpt lat="40.3461" lon="20.3922"/>
    <trkpt lat="40.34616" lon="20.39105"/>
    <trkpt lat="40.34691" lon="20.38972"/>
    <trkpt lat="40.34695" lon="20.38901"/>
    <trkpt lat="40.34645" lon="20.388"/>
    <trkpt lat="40.34637" lon="20.38742"/>
    <trkpt lat="40.34576" lon="20.38635"/>
    <trkpt lat="40.34551" lon="20.38542"/>
    <trkpt lat="40.34487" lon="20.38451"/>
    <trkpt lat="40.34444" lon="20.38423"/>
    <trkpt lat="40.34331" lon="20.38114"/>
    <trkpt lat="40.3426" lon="20.38046"/>
    <trkpt lat="40.34248" lon="20.37969"/>
    <trkpt lat="40.34264" lon="20.37885"/>
    <trkpt lat="40.34219" lon="20.37804"/>
    <trkpt lat="40.34257" lon="20.37681"/>
    <trkpt lat="40.34219" lon="20.37612"/>
    <trkpt lat="40.34217" lon="20.3755"/>
    <trkpt lat="40.3419" lon="20.37512"/>
    <trkpt lat="40.34181" lon="20.37433"/>
    <trkpt lat="40.34098" lon="20.37375"/>
    <trkpt lat="40.34073" lon="20.37256"/>
    <trkpt lat="40.33993" lon="20.37185"/>
    <trkpt lat="40.3393" lon="20.37207"/>
    <trkpt lat="40.33826" lon="20.37188"/>
    <trkpt lat="40.33766" lon="20.37097"/>
    <trkpt lat="40.33666" lon="20.37188"/>
    <trkpt lat="40.33644" lon="20.37246"/>
    <trkpt lat="40.33568" lon="20.37146"/>
    <trkpt lat="40.3356" lon="20.37173"/>
    <trkpt lat="40.3358" lon="20.37227"/>
    <trkpt lat="40.33565" lon="20.37234"/>
    <trkpt lat="40.3348" lon="20.37139"/>
    <trkpt lat="40.33459" lon="20.37082"/>
    <trkpt lat="40.33474" lon="20.37057"/>
    <trkpt lat="40.33593" lon="20.37063"/>
    <trkpt lat="40.33523" lon="20.36834"/>
    <trkpt lat="40.33387" lon="20.36735"/>
    <trkpt lat="40.33261" lon="20.36714"/>
    <trkpt lat="40.33121" lon="20.3665"/>
    <trkpt lat="40.32952" lon="20.36526"/>
    <trkpt lat="40.32942" lon="20.36499"/>
    <trkpt lat="40.32951" lon="20.3647"/>
    <trkpt lat="40.33049" lon="20.36424"/>
    <trkpt lat="40.33167" lon="20.3647"/>
    <trkpt lat="40.33203" lon="20.36381"/>
    <trkpt lat="40.33235" lon="20.3636"/>
    <trkpt lat="40.33302" lon="20.36364"/>
    <trkpt lat="40.33417" lon="20.3642"/>
    <trkpt lat="40.3346" lon="20.36278"/>
    <trkpt lat="40.33486" lon="20.3628"/>
    <trkpt lat="40.33517" lon="20.36334"/>
    <trkpt lat="40.33542" lon="20.36344"/>
    <trkpt lat="40.33559" lon="20.36206"/>
    <trkpt lat="40.3363" lon="20.36177"/>
    <trkpt lat="40.33655" lon="20.36144"/>
    <trkpt lat="40.33715" lon="20.3616"/>
    <trkpt lat="40.33735" lon="20.36143"/>
    <trkpt lat="40.33729" lon="20.36086"/>
    <trkpt lat="40.33748" lon="20.36044"/>
    <trkpt lat="40.33712" lon="20.36003"/>
    <trkpt lat="40.33715" lon="20.35946"/>
    <trkpt lat="40.33673" lon="20.35933"/>
    <trkpt lat="40.33622" lon="20.35871"/>
    <trkpt lat="40.33586" lon="20.35869"/>
    <trkpt lat="40.33563" lon="20.35769"/>
    <trkpt lat="40.335" lon="20.35747"/>
    <trkpt lat="40.33482" lon="20.35687"/>
    <trkpt lat="40.33373" lon="20.35646"/>
    <trkpt lat="40.3342" lon="20.3551"/>
    <trkpt lat="40.33501" lon="20.35472"/>
    <trkpt lat="40.33517" lon="20.35393"/>
    <trkpt lat="40.33417" lon="20.35256"/>
    <trkpt lat="40.33352" lon="20.3523"/>
    <trkpt lat="40.33336" lon="20.35167"/>
    <trkpt lat="40.33278" lon="20.35106"/>
    <trkpt lat="40.33312" lon="20.35045"/>
    <trkpt lat="40.33291" lon="20.34948"/>
    <trkpt lat="40.33217" lon="20.34836"/>
    <trkpt lat="40.33118" lon="20.34758"/>
    <trkpt lat="40.33166" lon="20.34669"/>
    <trkpt lat="40.33187" lon="20.34543"/>
    <trkpt lat="40.33203" lon="20.34532"/>
    <trkpt lat="40.33323" lon="20.3453"/>
    <trkpt lat="40.33347" lon="20.34653"/>
    <trkpt lat="40.33408" lon="20.34775"/>
    <trkpt lat="40.33521" lon="20.34701"/>
    <trkpt lat="40.33598" lon="20.34696"/>
    <trkpt lat="40.33592" lon="20.34673"/>
    <trkpt lat="40.33458" lon="20.34659"/>
    <trkpt lat="40.33443" lon="20.34639"/>
    <trkpt lat="40.33489" lon="20.34599"/>
    <trkpt lat="40.33604" lon="20.34552"/>
    <trkpt lat="40.33637" lon="20.34578"/>
    <trkpt lat="40.33658" lon="20.34663"/>
    <trkpt lat="40.33724" lon="20.347"/>
    <trkpt lat="40.33814" lon="20.34696"/>
    <trkpt lat="40.33733" lon="20.34654"/>
    <trkpt lat="40.33736" lon="20.34636"/>
    <trkpt lat="40.33834" lon="20.34664"/>
    <trkpt lat="40.33933" lon="20.34659"/>
    <trkpt lat="40.33933" lon="20.34634"/>
    <trkpt lat="40.33853" lon="20.34604"/>
    <trkpt lat="40.33794" lon="20.34493"/>
    <trkpt lat="40.33728" lon="20.34439"/>
    <trkpt lat="40.33682" lon="20.34438"/>
    <trkpt lat="40.33715" lon="20.34419"/>
    <trkpt lat="40.3385" lon="20.34451"/>
    <trkpt lat="40.33914" lon="20.34511"/>
    <trkpt lat="40.33931" lon="20.34503"/>
    <trkpt lat="40.33909" lon="20.34445"/>
    <trkpt lat="40.33825" lon="20.34348"/>
    <trkpt lat="40.33805" lon="20.343"/>
    <trkpt lat="40.33782" lon="20.3429"/>
    <trkpt lat="40.33722" lon="20.34317"/>
    <trkpt lat="40.33782" lon="20.34269"/>
    <trkpt lat="40.3382" lon="20.3427"/>
    <trkpt lat="40.33822" lon="20.34251"/>
    <trkpt lat="40.33711" lon="20.34261"/>
    <trkpt lat="40.33608" lon="20.34162"/>
    <trkpt lat="40.33499" lon="20.34141"/>
    <trkpt lat="40.33306" lon="20.33998"/>
    <trkpt lat="40.33367" lon="20.33957"/>
    <trkpt lat="40.33298" lon="20.33888"/>
    <trkpt lat="40.33183" lon="20.3352"/>
    <trkpt lat="40.33083" lon="20.33357"/>
    <trkpt lat="40.32955" lon="20.33257"/>
    <trkpt lat="40.32932" lon="20.33212"/>
    <trkpt lat="40.32934" lon="20.33159"/>
    <trkpt lat="40.33002" lon="20.3315"/>
    <trkpt lat="40.32916" lon="20.33118"/>
    <trkpt lat="40.32831" lon="20.3302"/>
    <trkpt lat="40.32811" lon="20.32963"/>
    <trkpt lat="40.32581" lon="20.32763"/>
    <trkpt lat="40.32425" lon="20.32682"/>
    <trkpt lat="40.32348" lon="20.32696"/>
    <trkpt lat="40.32175" lon="20.32637"/>
    <trkpt lat="40.32104" lon="20.3251"/>
    <trkpt lat="40.31981" lon="20.32454"/>
    <trkpt lat="40.31947" lon="20.32398"/>
    <trkpt lat="40.31856" lon="20.32342"/>
    <trkpt lat="40.31716" lon="20.32155"/>
    <trkpt lat="40.31597" lon="20.32102"/>
    <trkpt lat="40.3137" lon="20.32048"/>
    <trkpt lat="40.31246" lon="20.31849"/>
    <trkpt lat="40.3105" lon="20.31722"/>
    <trkpt lat="40.31028" lon="20.31723"/>
    <trkpt lat="40.30994" lon="20.31769"/>
    <trkpt lat="40.30967" lon="20.31762"/>
    <trkpt lat="40.30811" lon="20.31613"/>
    <trkpt lat="40.30672" lon="20.314"/>
    <trkpt lat="40.30614" lon="20.31349"/>
    <trkpt lat="40.30235" lon="20.31204"/>
    <trkpt lat="40.30151" lon="20.31182"/>
    <trkpt lat="40.30096" lon="20.31199"/>
    <trkpt lat="40.30004" lon="20.31139"/>
    <trkpt lat="40.29901" lon="20.31109"/>
    <trkpt lat="40.29828" lon="20.31047"/>
    <trkpt lat="40.29491" lon="20.30866"/>
    <trkpt lat="40.29458" lon="20.30774"/>
    <trkpt lat="40.29371" lon="20.30693"/>
    <trkpt lat="40.2931" lon="20.30691"/>
    <trkpt lat="40.29138" lon="20.30617"/>
    <trkpt lat="40.29093" lon="20.30522"/>
    <trkpt lat="40.28942" lon="20.3041"/>
    <trkpt lat="40.28553" lon="20.30004"/>
    <trkpt lat="40.28384" lon="20.29728"/>
    <trkpt lat="40.28345" lon="20.29643"/>
    <trkpt lat="40.28321" lon="20.29506"/>
    <trkpt lat="40.28157" lon="20.29097"/>
    <trkpt lat="40.27996" lon="20.29007"/>
    <trkpt lat="40.28023" lon="20.28917"/>
    <trkpt lat="40.28042" lon="20.28729"/>
    <trkpt lat="40.28016" lon="20.28637"/>
    <trkpt lat="40.279" lon="20.28544"/>
    <trkpt lat="40.27606" lon="20.28121"/>
    <trkpt lat="40.27462" lon="20.28057"/>
    <trkpt lat="40.27296" lon="20.28063"/>
    <trkpt lat="40.27176" lon="20.28023"/>
    <trkpt lat="40.26796" lon="20.29413"/>
    <trkpt lat="40.26614" lon="20.29888"/>
    <trkpt lat="40.26528" lon="20.30189"/>
    <trkpt lat="40.26296" lon="20.30623"/>
    <trkpt lat="40.2621" lon="20.31289"/>
    <trkpt lat="40.26246" lon="20.31637"/>
    <trkpt lat="40.26214" lon="20.31793"/>
    <trkpt lat="40.26162" lon="20.31912"/>
    <trkpt lat="40.25949" lon="20.32219"/>
    <trkpt lat="40.25815" lon="20.32347"/>
    <trkpt lat="40.25756" lon="20.3233"/>
    <trkpt lat="40.25713" lon="20.3226"/>
    <trkpt lat="40.25671" lon="20.3229"/>
    <trkpt lat="40.25576" lon="20.32422"/>
    <trkpt lat="40.25512" lon="20.32466"/>
    <trkpt lat="40.25403" lon="20.32495"/>
    <trkpt lat="40.25255" lon="20.32602"/>
    <trkpt lat="40.25125" lon="20.32728"/>
    <trkpt lat="40.25012" lon="20.32745"/>
    <trkpt lat="40.24983" lon="20.32717"/>
    <trkpt lat="40.24943" lon="20.32738"/>
    <trkpt lat="40.24924" lon="20.32689"/>
    <trkpt lat="40.24865" lon="20.32852"/>
    <trkpt lat="40.24713" lon="20.33087"/>
    <trkpt lat="40.24577" lon="20.33381"/>
    <trkpt lat="40.24481" lon="20.33708"/>
    <trkpt lat="40.24406" lon="20.3383"/>
    <trkpt lat="40.24368" lon="20.34014"/>
    <trkpt lat="40.24256" lon="20.34245"/>
    <trkpt lat="40.24256" lon="20.34329"/>
    <trkpt lat="40.24094" lon="20.34682"/>
    <trkpt lat="40.23948" lon="20.34848"/>
    <trkpt lat="40.23689" lon="20.35069"/>
    <trkpt lat="40.23553" lon="20.35084"/>
    <trkpt lat="40.23374" lon="20.35171"/>
    <trkpt lat="40.23321" lon="20.353"/>
    <trkpt lat="40.2335" lon="20.35342"/>
    <trkpt lat="40.23313" lon="20.35365"/>
    <trkpt lat="40.23229" lon="20.35493"/>
    <trkpt lat="40.23326" lon="20.35545"/>
    <trkpt lat="40.23348" lon="20.35527"/>
    <trkpt lat="40.2336" lon="20.35469"/>
    <trkpt lat="40.24115" lon="20.35496"/>
    <trkpt lat="40.24381" lon="20.35397"/>
    <trkpt lat="40.24543" lon="20.35121"/>
    <trkpt lat="40.24576" lon="20.35021"/>
    <trkpt lat="40.24593" lon="20.3447"/>
    <trkpt lat="40.24619" lon="20.34318"/>
    <trkpt lat="40.24683" lon="20.34087"/>
    <trkpt lat="40.24792" lon="20.33817"/>
    <trkpt lat="40.2488" lon="20.33668"/>
    <trkpt lat="40.24927" lon="20.33544"/>
    <trkpt lat="40.25325" lon="20.32962"/>
    <trkpt lat="40.25482" lon="20.32687"/>
    <trkpt lat="40.25949" lon="20.32219"/>
    <trkpt lat="40.26128" lon="20.31969"/>
    <trkpt lat="40.26214" lon="20.31793"/>
    <trkpt lat="40.26247" lon="20.31601"/>
    <trkpt lat="40.2621" lon="20.31289"/>
    <trkpt lat="40.26274" lon="20.30742"/>
    <trkpt lat="40.26053" lon="20.30618"/>
    <trkpt lat="40.26069" lon="20.30494"/>
    <trkpt lat="40.26033" lon="20.30031"/>
    <trkpt lat="40.26012" lon="20.30195"/>
    <trkpt lat="40.26064" lon="20.30313"/>
    <trkpt lat="40.26078" lon="20.30466"/>
    <trkpt lat="40.26053" lon="20.30618"/>
    <trkpt lat="40.26255" lon="20.30729"/>
    <trkpt lat="40.26318" lon="20.30567"/>
    <trkpt lat="40.26528" lon="20.30189"/>
    <trkpt lat="40.26614" lon="20.29888"/>
    <trkpt lat="40.26796" lon="20.29413"/>
    <trkpt lat="40.27176" lon="20.28023"/>
    <trkpt lat="40.27296" lon="20.28063"/>
    <trkpt lat="40.27462" lon="20.28057"/>
    <trkpt lat="40.27606" lon="20.28121"/>
    <trkpt lat="40.279" lon="20.28544"/>
    <trkpt lat="40.28016" lon="20.28637"/>
    <trkpt lat="40.28042" lon="20.28729"/>
    <trkpt lat="40.28023" lon="20.28917"/>
    <trkpt lat="40.27996" lon="20.29007"/>
    <trkpt lat="40.28157" lon="20.29097"/>
    <trkpt lat="40.28321" lon="20.29506"/>
    <trkpt lat="40.28345" lon="20.29643"/>
    <trkpt lat="40.28384" lon="20.29728"/>
    <trkpt lat="40.28553" lon="20.30004"/>
    <trkpt lat="40.28942" lon="20.3041"/>
    <trkpt lat="40.29093" lon="20.30522"/>
    <trkpt lat="40.29138" lon="20.30617"/>
    <trkpt lat="40.2931" lon="20.30691"/>
    <trkpt lat="40.29371" lon="20.30693"/>
    <trkpt lat="40.29458" lon="20.30774"/>
    <trkpt lat="40.29491" lon="20.30866"/>
    <trkpt lat="40.29828" lon="20.31047"/>
    <trkpt lat="40.29901" lon="20.31109"/>
    <trkpt lat="40.30004" lon="20.31139"/>
    <trkpt lat="40.30096" lon="20.31199"/>
    <trkpt lat="40.30151" lon="20.31182"/>
    <trkpt lat="40.30235" lon="20.31204"/>
    <trkpt lat="40.30622" lon="20.31354"/>
    <trkpt lat="40.3071" lon="20.31452"/>
    <trkpt lat="40.30749" lon="20.31538"/>
    <trkpt lat="40.30811" lon="20.31613"/>
    <trkpt lat="40.30967" lon="20.31762"/>
    <trkpt lat="40.30994" lon="20.31769"/>
    <trkpt lat="40.31028" lon="20.31723"/>
    <trkpt lat="40.3105" lon="20.31722"/>
    <trkpt lat="40.31246" lon="20.31849"/>
    <trkpt lat="40.3137" lon="20.32048"/>
    <trkpt lat="40.31597" lon="20.32102"/>
    <trkpt lat="40.31716" lon="20.32155"/>
    <trkpt lat="40.31856" lon="20.32342"/>
    <trkpt lat="40.31947" lon="20.32398"/>
    <trkpt lat="40.31981" lon="20.32454"/>
    <trkpt lat="40.3212" lon="20.32506"/>
    <trkpt lat="40.32199" lon="20.32614"/>
    <trkpt lat="40.32201" lon="20.32512"/>
    <trkpt lat="40.32246" lon="20.32549"/>
    <trkpt lat="40.32311" lon="20.32547"/>
    <trkpt lat="40.32387" lon="20.3249"/>
    <trkpt lat="40.32455" lon="20.32573"/>
    <trkpt lat="40.32499" lon="20.32591"/>
    <trkpt lat="40.32492" lon="20.3249"/>
    <trkpt lat="40.32538" lon="20.32425"/>
    <trkpt lat="40.32552" lon="20.32359"/>
    <trkpt lat="40.32572" lon="20.3241"/>
    <trkpt lat="40.32603" lon="20.32433"/>
    <trkpt lat="40.32656" lon="20.32458"/>
    <trkpt lat="40.32677" lon="20.32443"/>
    <trkpt lat="40.32686" lon="20.32278"/>
    <trkpt lat="40.32607" lon="20.32155"/>
    <trkpt lat="40.3265" lon="20.32117"/>
    <trkpt lat="40.3273" lon="20.32068"/>
    <trkpt lat="40.32767" lon="20.32089"/>
    <trkpt lat="40.32767" lon="20.32105"/>
    <trkpt lat="40.32722" lon="20.32105"/>
    <trkpt lat="40.327" lon="20.32159"/>
    <trkpt lat="40.32758" lon="20.32234"/>
    <trkpt lat="40.32808" lon="20.32191"/>
    <trkpt lat="40.32877" lon="20.32173"/>
    <trkpt lat="40.32961" lon="20.32187"/>
    <trkpt lat="40.33024" lon="20.32224"/>
    <trkpt lat="40.33127" lon="20.32223"/>
    <trkpt lat="40.33202" lon="20.32194"/>
    <trkpt lat="40.33221" lon="20.3211"/>
    <trkpt lat="40.33288" lon="20.32079"/>
    <trkpt lat="40.33339" lon="20.32077"/>
    <trkpt lat="40.3338" lon="20.32109"/>
    <trkpt lat="40.33456" lon="20.32125"/>
    <trkpt lat="40.33556" lon="20.31909"/>
    <trkpt lat="40.33584" lon="20.3189"/>
    <trkpt lat="40.33641" lon="20.31908"/>
    <trkpt lat="40.33664" lon="20.31846"/>
    <trkpt lat="40.33772" lon="20.31703"/>
    <trkpt lat="40.33912" lon="20.31615"/>
    <trkpt lat="40.33948" lon="20.31529"/>
    <trkpt lat="40.34031" lon="20.31453"/>
    <trkpt lat="40.34065" lon="20.31386"/>
    <trkpt lat="40.34068" lon="20.31284"/>
    <trkpt lat="40.34042" lon="20.31204"/>
    <trkpt lat="40.3401" lon="20.31172"/>
    <trkpt lat="40.34066" lon="20.31169"/>
    <trkpt lat="40.34128" lon="20.31099"/>
    <trkpt lat="40.34228" lon="20.31073"/>
    <trkpt lat="40.34307" lon="20.31008"/>
    <trkpt lat="40.3445" lon="20.31033"/>
    <trkpt lat="40.34498" lon="20.31004"/>
    <trkpt lat="40.3455" lon="20.31016"/>
    <trkpt lat="40.34569" lon="20.30955"/>
    <trkpt lat="40.34625" lon="20.30927"/>
    <trkpt lat="40.34664" lon="20.30853"/>
    <trkpt lat="40.34725" lon="20.30816"/>
    <trkpt lat="40.34869" lon="20.30819"/>
    <trkpt lat="40.34889" lon="20.30736"/>
    <trkpt lat="40.3499" lon="20.30522"/>
    <trkpt lat="40.35143" lon="20.30526"/>
    <trkpt lat="40.35193" lon="20.30473"/>
    <trkpt lat="40.35237" lon="20.30472"/>
    <trkpt lat="40.35377" lon="20.3033"/>
    <trkpt lat="40.35491" lon="20.30262"/>
    <trkpt lat="40.35515" lon="20.30233"/>
    <trkpt lat="40.3552" lon="20.3019"/>
    <trkpt lat="40.35644" lon="20.3019"/>
    <trkpt lat="40.35717" lon="20.30147"/>
    <trkpt lat="40.3582" lon="20.3019"/>
    <trkpt lat="40.3591" lon="20.30105"/>
    <trkpt lat="40.36013" lon="20.30057"/>
    <trkpt lat="40.36107" lon="20.30051"/>
    <trkpt lat="40.36154" lon="20.30088"/>
    <trkpt lat="40.36178" lon="20.30026"/>
    <trkpt lat="40.36174" lon="20.29881"/>
    <trkpt lat="40.36248" lon="20.29827"/>
    <trkpt lat="40.36268" lon="20.29787"/>
    <trkpt lat="40.36314" lon="20.2977"/>
    <trkpt lat="40.36315" lon="20.29693"/>
    <trkpt lat="40.36291" lon="20.2965"/>
    <trkpt lat="40.36359" lon="20.29497"/>
    <trkpt lat="40.36416" lon="20.29447"/>
    <trkpt lat="40.36606" lon="20.29578"/>
    <trkpt lat="40.36736" lon="20.29607"/>
    <trkpt lat="40.36783" lon="20.2954"/>
    <trkpt lat="40.36876" lon="20.29483"/>
    <trkpt lat="40.36941" lon="20.2932"/>
    <trkpt lat="40.36953" lon="20.29338"/>
    <trkpt lat="40.36936" lon="20.29462"/>
    <trkpt lat="40.3695" lon="20.29462"/>
    <trkpt lat="40.36978" lon="20.29266"/>
    <trkpt lat="40.37062" lon="20.29212"/>
    <trkpt lat="40.37018" lon="20.29096"/>
    <trkpt lat="40.37088" lon="20.29057"/>
    <trkpt lat="40.3724" lon="20.29096"/>
    <trkpt lat="40.37287" lon="20.29067"/>
    <trkpt lat="40.3736" lon="20.29143"/>
    <trkpt lat="40.37441" lon="20.2917"/>
    <trkpt lat="40.37476" lon="20.2912"/>
    <trkpt lat="40.37497" lon="20.29043"/>
    <trkpt lat="40.37528" lon="20.29017"/>
    <trkpt lat="40.37632" lon="20.29058"/>
    <trkpt lat="40.37579" lon="20.29099"/>
    <trkpt lat="40.37584" lon="20.29116"/>
    <trkpt lat="40.37703" lon="20.29092"/>
    <trkpt lat="40.37733" lon="20.29033"/>
    <trkpt lat="40.37787" lon="20.2903"/>
    <trkpt lat="40.37841" lon="20.28991"/>
    <trkpt lat="40.37938" lon="20.29001"/>
    <trkpt lat="40.37906" lon="20.28963"/>
    <trkpt lat="40.37917" lon="20.28945"/>
    <trkpt lat="40.38001" lon="20.28939"/>
    <trkpt lat="40.38049" lon="20.28965"/>
    <trkpt lat="40.38128" lon="20.2929"/>
    <trkpt lat="40.38104" lon="20.29387"/>
    <trkpt lat="40.38123" lon="20.29512"/>
    <trkpt lat="40.38098" lon="20.29596"/>
    <trkpt lat="40.3812" lon="20.29595"/>
    <trkpt lat="40.38141" lon="20.29544"/>
    <trkpt lat="40.38182" lon="20.29569"/>
    <trkpt lat="40.3815" lon="20.29656"/>
    <trkpt lat="40.38151" lon="20.29744"/>
    <trkpt lat="40.38333" lon="20.29804"/>
    <trkpt lat="40.38348" lon="20.29749"/>
    <trkpt lat="40.38374" lon="20.29741"/>
    <trkpt lat="40.38373" lon="20.29707"/>
    <trkpt lat="40.38403" lon="20.29678"/>
    <trkpt lat="40.38463" lon="20.29766"/>
    <trkpt lat="40.38454" lon="20.29813"/>
    <trkpt lat="40.38469" lon="20.29916"/>
    <trkpt lat="40.38414" lon="20.29851"/>
    <trkpt lat="40.38388" lon="20.29887"/>
    <trkpt lat="40.38386" lon="20.29963"/>
    <trkpt lat="40.38362" lon="20.29995"/>
    <trkpt lat="40.38314" lon="20.29977"/>
    <trkpt lat="40.38256" lon="20.29992"/>
    <trkpt lat="40.38233" lon="20.30037"/>
    <trkpt lat="40.38337" lon="20.30058"/>
    <trkpt lat="40.38363" lon="20.30108"/>
    <trkpt lat="40.38398" lon="20.3012"/>
    <trkpt lat="40.38541" lon="20.30068"/>
    <trkpt lat="40.38797" lon="20.30095"/>
    <trkpt lat="40.38877" lon="20.29939"/>
    <trkpt lat="40.38907" lon="20.29919"/>
    <trkpt lat="40.3895" lon="20.29937"/>
    <trkpt lat="40.3899" lon="20.29857"/>
    <trkpt lat="40.39034" lon="20.29851"/>
    <trkpt lat="40.3908" lon="20.29809"/>
    <trkpt lat="40.3914" lon="20.29795"/>
    <trkpt lat="40.39198" lon="20.29811"/>
    <trkpt lat="40.39322" lon="20.29764"/>
    <trkpt lat="40.39351" lon="20.29792"/>
    <trkpt lat="40.39386" lon="20.29774"/>
    <trkpt lat="40.39439" lon="20.29792"/>
    <trkpt lat="40.3959" lon="20.29748"/>
    <trkpt lat="40.39833" lon="20.29758"/>
    <trkpt lat="40.39834" lon="20.29721"/>
    <trkpt lat="40.39892" lon="20.29694"/>
    <trkpt lat="40.40007" lon="20.29719"/>
    <trkpt lat="40.40024" lon="20.2967"/>
    <trkpt lat="40.40055" lon="20.29642"/>
    <trkpt lat="40.40109" lon="20.29689"/>
    <trkpt lat="40.40153" lon="20.29624"/>
    <trkpt lat="40.40175" lon="20.2962"/>
    <trkpt lat="40.40248" lon="20.29626"/>
    <trkpt lat="40.40286" lon="20.29712"/>
    <trkpt lat="40.40337" lon="20.29683"/>
    <trkpt lat="40.40384" lon="20.29716"/>
    <trkpt lat="40.40402" lon="20.29685"/>
    <trkpt lat="40.40484" lon="20.29677"/>
    <trkpt lat="40.40507" lon="20.29683"/>
    <trkpt lat="40.40522" lon="20.29722"/>
    <trkpt lat="40.40557" lon="20.29684"/>
    <trkpt lat="40.40643" lon="20.29734"/>
    <trkpt lat="40.40822" lon="20.29625"/>
    <trkpt lat="40.40814" lon="20.2973"/>
    <trkpt lat="40.4083" lon="20.29739"/>
    <trkpt lat="40.40901" lon="20.29649"/>
    <trkpt lat="40.40961" lon="20.29652"/>
    <trkpt lat="40.41016" lon="20.29691"/>
    <trkpt lat="40.41061" lon="20.29661"/>
    <trkpt lat="40.41188" lon="20.29677"/>
    <trkpt lat="40.41335" lon="20.29626"/>
    <trkpt lat="40.41354" lon="20.29658"/>
    <trkpt lat="40.41376" lon="20.29614"/>
    <trkpt lat="40.41408" lon="20.29598"/>
    <trkpt lat="40.41517" lon="20.29606"/>
    <trkpt lat="40.41622" lon="20.29556"/>
    <trkpt lat="40.4177" lon="20.29545"/>
    <trkpt lat="40.41824" lon="20.29567"/>
    <trkpt lat="40.41898" lon="20.29677"/>
    <trkpt lat="40.41965" lon="20.29679"/>
    <trkpt lat="40.42001" lon="20.29649"/>
    <trkpt lat="40.41998" lon="20.29614"/>
    <trkpt lat="40.42097" lon="20.29533"/>
    <trkpt lat="40.42109" lon="20.29442"/>
    <trkpt lat="40.42133" lon="20.29406"/>
    <trkpt lat="40.42133" lon="20.29142"/>
    <trkpt lat="40.42113" lon="20.29156"/>
    <trkpt lat="40.42115" lon="20.29136"/>
    <trkpt lat="40.42143" lon="20.29"/>
    <trkpt lat="40.42185" lon="20.28966"/>
    <trkpt lat="40.42198" lon="20.289"/>
    <trkpt lat="40.4218" lon="20.28801"/>
    <trkpt lat="40.42251" lon="20.28682"/>
    <trkpt lat="40.4224" lon="20.28581"/>
    <trkpt lat="40.42253" lon="20.28543"/>
    <trkpt lat="40.42236" lon="20.28484"/>
    <trkpt lat="40.42253" lon="20.28332"/>
    <trkpt lat="40.42298" lon="20.2826"/>
    <trkpt lat="40.4229" lon="20.28204"/>
    <trkpt lat="40.42406" lon="20.2803"/>
    <trkpt lat="40.42377" lon="20.27906"/>
    <trkpt lat="40.42381" lon="20.27846"/>
    <trkpt lat="40.42334" lon="20.27718"/>
    <trkpt lat="40.42334" lon="20.27674"/>
    <trkpt lat="40.42424" lon="20.27736"/>
    <trkpt lat="40.42592" lon="20.2777"/>
    <trkpt lat="40.42578" lon="20.27648"/>
    <trkpt lat="40.42534" lon="20.27548"/>
    <trkpt lat="40.42536" lon="20.27511"/>
    <trkpt lat="40.42645" lon="20.27535"/>
    <trkpt lat="40.42739" lon="20.27464"/>
    <trkpt lat="40.42833" lon="20.27439"/>
    <trkpt lat="40.42878" lon="20.2741"/>
    <trkpt lat="40.42889" lon="20.27379"/>
    <trkpt lat="40.42915" lon="20.27388"/>
    <trkpt lat="40.42973" lon="20.27353"/>
    <trkpt lat="40.43077" lon="20.2722"/>
    <trkpt lat="40.43186" lon="20.27158"/>
    <trkpt lat="40.4325" lon="20.27177"/>
    <trkpt lat="40.43287" lon="20.27258"/>
    <trkpt lat="40.4333" lon="20.27289"/>
    <trkpt lat="40.43456" lon="20.27164"/>
    <trkpt lat="40.43516" lon="20.27013"/>
    <trkpt lat="40.43469" lon="20.27063"/>
    <trkpt lat="40.43431" lon="20.27146"/>
    <trkpt lat="40.43356" lon="20.2716"/>
    <trkpt lat="40.43326" lon="20.27103"/>
    <trkpt lat="40.43356" lon="20.2716"/>
    <trkpt lat="40.43431" lon="20.27146"/>
    <trkpt lat="40.43469" lon="20.27063"/>
    <trkpt lat="40.43516" lon="20.27013"/>
    <trkpt lat="40.43456" lon="20.27164"/>
    <trkpt lat="40.4333" lon="20.27289"/>
    <trkpt lat="40.43287" lon="20.27258"/>
    <trkpt lat="40.4325" lon="20.27177"/>
    <trkpt lat="40.43186" lon="20.27158"/>
    <trkpt lat="40.43077" lon="20.2722"/>
    <trkpt lat="40.42973" lon="20.27353"/>
    <trkpt lat="40.42915" lon="20.27388"/>
    <trkpt lat="40.42889" lon="20.27379"/>
    <trkpt lat="40.42878" lon="20.2741"/>
    <trkpt lat="40.42833" lon="20.27439"/>
    <trkpt lat="40.42739" lon="20.27464"/>
    <trkpt lat="40.42645" lon="20.27535"/>
    <trkpt lat="40.42536" lon="20.27511"/>
    <trkpt lat="40.42534" lon="20.27548"/>
    <trkpt lat="40.42578" lon="20.27648"/>
    <trkpt lat="40.42592" lon="20.2777"/>
    <trkpt lat="40.42424" lon="20.27736"/>
    <trkpt lat="40.4233" lon="20.2768"/>
    <trkpt lat="40.42381" lon="20.27846"/>
    <trkpt lat="40.42377" lon="20.27906"/>
    <trkpt lat="40.42406" lon="20.2803"/>
    <trkpt lat="40.4229" lon="20.28204"/>
    <trkpt lat="40.42298" lon="20.2826"/>
    <trkpt lat="40.42253" lon="20.28332"/>
    <trkpt lat="40.42236" lon="20.28484"/>
    <trkpt lat="40.42253" lon="20.28543"/>
    <trkpt lat="40.4224" lon="20.28581"/>
    <trkpt lat="40.42251" lon="20.28682"/>
    <trkpt lat="40.4218" lon="20.28801"/>
    <trkpt lat="40.42198" lon="20.289"/>
    <trkpt lat="40.42185" lon="20.28966"/>
    <trkpt lat="40.42143" lon="20.29"/>
    <trkpt lat="40.42113" lon="20.29156"/>
    <trkpt lat="40.42213" lon="20.29085"/>
    <trkpt lat="40.4247" lon="20.28775"/>
    <trkpt lat="40.42561" lon="20.28775"/>
    <trkpt lat="40.42658" lon="20.28737"/>
    <trkpt lat="40.42672" lon="20.28761"/>
    <trkpt lat="40.42664" lon="20.28791"/>
    <trkpt lat="40.42579" lon="20.28863"/>
    <trkpt lat="40.42556" lon="20.28906"/>
    <trkpt lat="40.42536" lon="20.28995"/>
    <trkpt lat="40.42554" lon="20.29013"/>
    <trkpt lat="40.4259" lon="20.2896"/>
    <trkpt lat="40.42657" lon="20.28921"/>
    <trkpt lat="40.42759" lon="20.28811"/>
    <trkpt lat="40.42825" lon="20.28701"/>
    <trkpt lat="40.43107" lon="20.2855"/>
    <trkpt lat="40.43203" lon="20.28394"/>
    <trkpt lat="40.43338" lon="20.28262"/>
    <trkpt lat="40.43368" lon="20.28267"/>
    <trkpt lat="40.43415" lon="20.28316"/>
    <trkpt lat="40.4341" lon="20.28379"/>
    <trkpt lat="40.43464" lon="20.28463"/>
    <trkpt lat="40.43523" lon="20.28411"/>
    <trkpt lat="40.43561" lon="20.28425"/>
    <trkpt lat="40.43613" lon="20.28407"/>
    <trkpt lat="40.43677" lon="20.28436"/>
    <trkpt lat="40.43692" lon="20.28408"/>
    <trkpt lat="40.43681" lon="20.28207"/>
    <trkpt lat="40.43715" lon="20.28144"/>
    <trkpt lat="40.43769" lon="20.28189"/>
    <trkpt lat="40.43881" lon="20.28209"/>
    <trkpt lat="40.43903" lon="20.28248"/>
    <trkpt lat="40.43902" lon="20.2831"/>
    <trkpt lat="40.43955" lon="20.2833"/>
    <trkpt lat="40.44022" lon="20.28443"/>
    <trkpt lat="40.44038" lon="20.28445"/>
    <trkpt lat="40.44047" lon="20.28413"/>
    <trkpt lat="40.43926" lon="20.28068"/>
    <trkpt lat="40.43927" lon="20.28012"/>
    <trkpt lat="40.44111" lon="20.27985"/>
    <trkpt lat="40.44199" lon="20.28003"/>
    <trkpt lat="40.44288" lon="20.27963"/>
    <trkpt lat="40.44337" lon="20.28027"/>
    <trkpt lat="40.44378" lon="20.27937"/>
    <trkpt lat="40.4448" lon="20.27868"/>
    <trkpt lat="40.44598" lon="20.27717"/>
    <trkpt lat="40.44614" lon="20.27727"/>
    <trkpt lat="40.44608" lon="20.27813"/>
    <trkpt lat="40.44641" lon="20.27822"/>
    <trkpt lat="40.44663" lon="20.27788"/>
    <trkpt lat="40.44715" lon="20.27556"/>
    <trkpt lat="40.44885" lon="20.27376"/>
    <trkpt lat="40.44923" lon="20.27268"/>
    <trkpt lat="40.44943" lon="20.27127"/>
    <trkpt lat="40.45134" lon="20.27022"/>
    <trkpt lat="40.4536" lon="20.27041"/>
    <trkpt lat="40.4545" lon="20.26723"/>
    <trkpt lat="40.45585" lon="20.26654"/>
    <trkpt lat="40.45723" lon="20.26759"/>
    <trkpt lat="40.458" lon="20.2699"/>
    <trkpt lat="40.45849" lon="20.2704"/>
    <trkpt lat="40.45875" lon="20.27036"/>
    <trkpt lat="40.45893" lon="20.26999"/>
    <trkpt lat="40.45877" lon="20.26921"/>
    <trkpt lat="40.45892" lon="20.26789"/>
    <trkpt lat="40.4587" lon="20.26692"/>
    <trkpt lat="40.45914" lon="20.26605"/>
    <trkpt lat="40.45955" lon="20.26592"/>
    <trkpt lat="40.46056" lon="20.26626"/>
    <trkpt lat="40.4628" lon="20.26745"/>
    <trkpt lat="40.46322" lon="20.26729"/>
    <trkpt lat="40.46477" lon="20.26507"/>
    <trkpt lat="40.46557" lon="20.26242"/>
    <trkpt lat="40.46872" lon="20.25877"/>
    <trkpt lat="40.46979" lon="20.25824"/>
    <trkpt lat="40.47047" lon="20.25692"/>
    <trkpt lat="40.47169" lon="20.256"/>
    <trkpt lat="40.47327" lon="20.25539"/>
    <trkpt lat="40.47421" lon="20.25473"/>
    <trkpt lat="40.47528" lon="20.25464"/>
    <trkpt lat="40.47588" lon="20.25247"/>
    <trkpt lat="40.47646" lon="20.25188"/>
    <trkpt lat="40.47812" lon="20.25171"/>
    <trkpt lat="40.47867" lon="20.25123"/>
    <trkpt lat="40.47933" lon="20.25125"/>
    <trkpt lat="40.47994" lon="20.25097"/>
    <trkpt lat="40.4808" lon="20.2494"/>
    <trkpt lat="40.48161" lon="20.24908"/>
    <trkpt lat="40.48172" lon="20.24721"/>
    <trkpt lat="40.48158" lon="20.24612"/>
    <trkpt lat="40.48175" lon="20.24503"/>
    <trkpt lat="40.48257" lon="20.2443"/>
    <trkpt lat="40.48275" lon="20.24303"/>
    <trkpt lat="40.48368" lon="20.24191"/>
    <trkpt lat="40.48466" lon="20.24025"/>
    <trkpt lat="40.48577" lon="20.23981"/>
    <trkpt lat="40.48591" lon="20.23916"/>
    <trkpt lat="40.4863" lon="20.23879"/>
    <trkpt lat="40.48653" lon="20.23824"/>
    <trkpt lat="40.48672" lon="20.23698"/>
    <trkpt lat="40.48732" lon="20.23632"/>
    <trkpt lat="40.4879" lon="20.2363"/>
    <trkpt lat="40.4887" lon="20.23556"/>
    <trkpt lat="40.48889" lon="20.23454"/>
    <trkpt lat="40.48935" lon="20.23401"/>
    <trkpt lat="40.49032" lon="20.23366"/>
    <trkpt lat="40.49057" lon="20.23333"/>
    <trkpt lat="40.49153" lon="20.23317"/>
    <trkpt lat="40.49278" lon="20.23235"/>
    <trkpt lat="40.49522" lon="20.23228"/>
    <trkpt lat="40.4959" lon="20.23342"/>
    <trkpt lat="40.49763" lon="20.23148"/>
    <trkpt lat="40.49994" lon="20.22983"/>
    <trkpt lat="40.50155" lon="20.22975"/>
    <trkpt lat="40.50171" lon="20.22946"/>
    <trkpt lat="40.50169" lon="20.22883"/>
    <trkpt lat="40.50219" lon="20.22891"/>
    <trkpt lat="40.50279" lon="20.22814"/>
    <trkpt lat="40.50358" lon="20.22841"/>
  </trkseg></trk>
  <trk><name>3 Čt·B – Čtvrtek s Bovillou</name><trkseg>
    <trkpt lat="40.73111" lon="20.04117"/>
    <trkpt lat="40.73313" lon="20.04135"/>
    <trkpt lat="40.7337" lon="20.04179"/>
    <trkpt lat="40.73415" lon="20.04133"/>
    <trkpt lat="40.73554" lon="20.0406"/>
    <trkpt lat="40.7359" lon="20.04009"/>
    <trkpt lat="40.73743" lon="20.04077"/>
    <trkpt lat="40.73752" lon="20.04054"/>
    <trkpt lat="40.7369" lon="20.04007"/>
    <trkpt lat="40.73698" lon="20.03982"/>
    <trkpt lat="40.73726" lon="20.03977"/>
    <trkpt lat="40.73926" lon="20.0403"/>
    <trkpt lat="40.73994" lon="20.0413"/>
    <trkpt lat="40.74026" lon="20.04152"/>
    <trkpt lat="40.7404" lon="20.04133"/>
    <trkpt lat="40.73951" lon="20.03878"/>
    <trkpt lat="40.73836" lon="20.03719"/>
    <trkpt lat="40.73796" lon="20.03577"/>
    <trkpt lat="40.73692" lon="20.03374"/>
    <trkpt lat="40.73679" lon="20.03301"/>
    <trkpt lat="40.73641" lon="20.03251"/>
    <trkpt lat="40.73582" lon="20.03246"/>
    <trkpt lat="40.73507" lon="20.03183"/>
    <trkpt lat="40.73486" lon="20.03103"/>
    <trkpt lat="40.73484" lon="20.03054"/>
    <trkpt lat="40.73503" lon="20.03043"/>
    <trkpt lat="40.7355" lon="20.03163"/>
    <trkpt lat="40.73584" lon="20.03205"/>
    <trkpt lat="40.73659" lon="20.03185"/>
    <trkpt lat="40.73766" lon="20.03268"/>
    <trkpt lat="40.73819" lon="20.03222"/>
    <trkpt lat="40.73812" lon="20.02996"/>
    <trkpt lat="40.73826" lon="20.02895"/>
    <trkpt lat="40.73801" lon="20.02814"/>
    <trkpt lat="40.738" lon="20.02734"/>
    <trkpt lat="40.73729" lon="20.02651"/>
    <trkpt lat="40.73692" lon="20.02509"/>
    <trkpt lat="40.73632" lon="20.02374"/>
    <trkpt lat="40.73603" lon="20.02237"/>
    <trkpt lat="40.73641" lon="20.02064"/>
    <trkpt lat="40.73614" lon="20.02001"/>
    <trkpt lat="40.73613" lon="20.01854"/>
    <trkpt lat="40.73525" lon="20.01538"/>
    <trkpt lat="40.73508" lon="20.0138"/>
    <trkpt lat="40.73519" lon="20.01243"/>
    <trkpt lat="40.73496" lon="20.01175"/>
    <trkpt lat="40.73508" lon="20.01051"/>
    <trkpt lat="40.73462" lon="20.00949"/>
    <trkpt lat="40.7344" lon="20.0095"/>
    <trkpt lat="40.73424" lon="20.01211"/>
    <trkpt lat="40.73409" lon="20.01221"/>
    <trkpt lat="40.73286" lon="20.00959"/>
    <trkpt lat="40.73215" lon="20.00887"/>
    <trkpt lat="40.7317" lon="20.00879"/>
    <trkpt lat="40.73116" lon="20.00652"/>
    <trkpt lat="40.73024" lon="20.00402"/>
    <trkpt lat="40.73008" lon="20.00402"/>
    <trkpt lat="40.73005" lon="20.00452"/>
    <trkpt lat="40.72943" lon="20.00452"/>
    <trkpt lat="40.72955" lon="20.00364"/>
    <trkpt lat="40.72826" lon="20.00102"/>
    <trkpt lat="40.72752" lon="19.99979"/>
    <trkpt lat="40.72663" lon="19.99981"/>
    <trkpt lat="40.72552" lon="19.99674"/>
    <trkpt lat="40.72522" lon="19.99628"/>
    <trkpt lat="40.72428" lon="19.99574"/>
    <trkpt lat="40.72379" lon="19.99477"/>
    <trkpt lat="40.72322" lon="19.99459"/>
    <trkpt lat="40.72255" lon="19.99241"/>
    <trkpt lat="40.72212" lon="19.99238"/>
    <trkpt lat="40.72151" lon="19.99304"/>
    <trkpt lat="40.72078" lon="19.99256"/>
    <trkpt lat="40.7201" lon="19.99263"/>
    <trkpt lat="40.71908" lon="19.99327"/>
    <trkpt lat="40.71854" lon="19.99326"/>
    <trkpt lat="40.71639" lon="19.99079"/>
    <trkpt lat="40.71486" lon="19.98978"/>
    <trkpt lat="40.71426" lon="19.98858"/>
    <trkpt lat="40.71142" lon="19.98605"/>
    <trkpt lat="40.71035" lon="19.98473"/>
    <trkpt lat="40.70943" lon="19.98318"/>
    <trkpt lat="40.70847" lon="19.98285"/>
    <trkpt lat="40.70707" lon="19.98277"/>
    <trkpt lat="40.70523" lon="19.98201"/>
    <trkpt lat="40.70472" lon="19.98151"/>
    <trkpt lat="40.7035" lon="19.97809"/>
    <trkpt lat="40.70338" lon="19.97696"/>
    <trkpt lat="40.70288" lon="19.97583"/>
    <trkpt lat="40.70336" lon="19.97444"/>
    <trkpt lat="40.70361" lon="19.97183"/>
    <trkpt lat="40.70084" lon="19.96892"/>
    <trkpt lat="40.70046" lon="19.96672"/>
    <trkpt lat="40.70197" lon="19.95945"/>
    <trkpt lat="40.70145" lon="19.95908"/>
    <trkpt lat="40.7019" lon="19.95803"/>
    <trkpt lat="40.70034" lon="19.9568"/>
    <trkpt lat="40.70213" lon="19.95515"/>
    <trkpt lat="40.70397" lon="19.95198"/>
    <trkpt lat="40.70432" lon="19.95042"/>
    <trkpt lat="40.70455" lon="19.95007"/>
    <trkpt lat="40.7038" lon="19.94394"/>
    <trkpt lat="40.70415" lon="19.94319"/>
    <trkpt lat="40.70699" lon="19.94025"/>
    <trkpt lat="40.7119" lon="19.93843"/>
    <trkpt lat="40.71285" lon="19.93868"/>
    <trkpt lat="40.71594" lon="19.94014"/>
    <trkpt lat="40.71865" lon="19.94338"/>
    <trkpt lat="40.71918" lon="19.94319"/>
    <trkpt lat="40.72524" lon="19.94338"/>
    <trkpt lat="40.73439" lon="19.94013"/>
    <trkpt lat="40.74337" lon="19.93437"/>
    <trkpt lat="40.74455" lon="19.93342"/>
    <trkpt lat="40.7608" lon="19.91224"/>
    <trkpt lat="40.77182" lon="19.89091"/>
    <trkpt lat="40.77241" lon="19.89005"/>
    <trkpt lat="40.77666" lon="19.88567"/>
    <trkpt lat="40.77801" lon="19.88296"/>
    <trkpt lat="40.77824" lon="19.8829"/>
    <trkpt lat="40.77817" lon="19.88263"/>
    <trkpt lat="40.7785" lon="19.88117"/>
    <trkpt lat="40.77801" lon="19.87876"/>
    <trkpt lat="40.77762" lon="19.87506"/>
    <trkpt lat="40.77753" lon="19.86931"/>
    <trkpt lat="40.77678" lon="19.86573"/>
    <trkpt lat="40.78341" lon="19.84518"/>
    <trkpt lat="40.78445" lon="19.84284"/>
    <trkpt lat="40.7873" lon="19.83924"/>
    <trkpt lat="40.78801" lon="19.83887"/>
    <trkpt lat="40.79337" lon="19.83821"/>
    <trkpt lat="40.7973" lon="19.83696"/>
    <trkpt lat="40.80027" lon="19.83766"/>
    <trkpt lat="40.81473" lon="19.83139"/>
    <trkpt lat="40.81873" lon="19.82992"/>
    <trkpt lat="40.826" lon="19.82368"/>
    <trkpt lat="40.82876" lon="19.8224"/>
    <trkpt lat="40.83052" lon="19.82051"/>
    <trkpt lat="40.83311" lon="19.81961"/>
    <trkpt lat="40.83525" lon="19.81792"/>
    <trkpt lat="40.83757" lon="19.81707"/>
    <trkpt lat="40.84002" lon="19.81509"/>
    <trkpt lat="40.84213" lon="19.81501"/>
    <trkpt lat="40.84253" lon="19.8148"/>
    <trkpt lat="40.84282" lon="19.81431"/>
    <trkpt lat="40.84451" lon="19.80884"/>
    <trkpt lat="40.84508" lon="19.80249"/>
    <trkpt lat="40.84544" lon="19.80138"/>
    <trkpt lat="40.84602" lon="19.80057"/>
    <trkpt lat="40.86868" lon="19.78288"/>
    <trkpt lat="40.8692" lon="19.78279"/>
    <trkpt lat="40.87125" lon="19.78349"/>
    <trkpt lat="40.87785" lon="19.78201"/>
    <trkpt lat="40.88316" lon="19.77339"/>
    <trkpt lat="40.88785" lon="19.77028"/>
    <trkpt lat="40.89198" lon="19.76595"/>
    <trkpt lat="40.89459" lon="19.76272"/>
    <trkpt lat="40.89689" lon="19.75933"/>
    <trkpt lat="40.89936" lon="19.7492"/>
    <trkpt lat="40.90028" lon="19.74776"/>
    <trkpt lat="40.90147" lon="19.7444"/>
    <trkpt lat="40.90279" lon="19.74182"/>
    <trkpt lat="40.90329" lon="19.74021"/>
    <trkpt lat="40.90346" lon="19.73824"/>
    <trkpt lat="40.9038" lon="19.73739"/>
    <trkpt lat="40.90549" lon="19.73516"/>
    <trkpt lat="40.90691" lon="19.73445"/>
    <trkpt lat="40.90907" lon="19.73254"/>
    <trkpt lat="40.91811" lon="19.72001"/>
    <trkpt lat="40.91997" lon="19.71812"/>
    <trkpt lat="40.9209" lon="19.71674"/>
    <trkpt lat="40.92138" lon="19.71642"/>
    <trkpt lat="40.92277" lon="19.71615"/>
    <trkpt lat="40.92473" lon="19.71508"/>
    <trkpt lat="40.92719" lon="19.71126"/>
    <trkpt lat="40.92827" lon="19.71038"/>
    <trkpt lat="40.93008" lon="19.70966"/>
    <trkpt lat="40.93641" lon="19.70788"/>
    <trkpt lat="40.94187" lon="19.70595"/>
    <trkpt lat="40.94234" lon="19.70678"/>
    <trkpt lat="40.94396" lon="19.70614"/>
    <trkpt lat="40.94426" lon="19.7064"/>
    <trkpt lat="40.94445" lon="19.70611"/>
    <trkpt lat="40.94336" lon="19.70465"/>
    <trkpt lat="40.9478" lon="19.69379"/>
    <trkpt lat="40.9568" lon="19.68605"/>
    <trkpt lat="40.9679" lon="19.67706"/>
    <trkpt lat="40.9772" lon="19.67074"/>
    <trkpt lat="40.97961" lon="19.66969"/>
    <trkpt lat="40.98248" lon="19.66896"/>
    <trkpt lat="40.98388" lon="19.66825"/>
    <trkpt lat="40.98456" lon="19.66828"/>
    <trkpt lat="40.98653" lon="19.66895"/>
    <trkpt lat="40.99229" lon="19.66869"/>
    <trkpt lat="40.99424" lon="19.66813"/>
    <trkpt lat="41.00287" lon="19.66462"/>
    <trkpt lat="41.00748" lon="19.66343"/>
    <trkpt lat="41.01368" lon="19.6633"/>
    <trkpt lat="41.01652" lon="19.66277"/>
    <trkpt lat="41.01864" lon="19.66198"/>
    <trkpt lat="41.02278" lon="19.65973"/>
    <trkpt lat="41.02501" lon="19.65898"/>
    <trkpt lat="41.03931" lon="19.65759"/>
    <trkpt lat="41.04126" lon="19.65713"/>
    <trkpt lat="41.04362" lon="19.65603"/>
    <trkpt lat="41.05196" lon="19.65078"/>
    <trkpt lat="41.05229" lon="19.65074"/>
    <trkpt lat="41.05358" lon="19.64976"/>
    <trkpt lat="41.05772" lon="19.64738"/>
    <trkpt lat="41.05933" lon="19.64669"/>
    <trkpt lat="41.06458" lon="19.64516"/>
    <trkpt lat="41.06564" lon="19.64458"/>
    <trkpt lat="41.06681" lon="19.6435"/>
    <trkpt lat="41.07126" lon="19.63781"/>
    <trkpt lat="41.07199" lon="19.63754"/>
    <trkpt lat="41.07257" lon="19.63761"/>
    <trkpt lat="41.07259" lon="19.63634"/>
    <trkpt lat="41.07333" lon="19.63369"/>
    <trkpt lat="41.07643" lon="19.62775"/>
    <trkpt lat="41.07744" lon="19.6265"/>
    <trkpt lat="41.07951" lon="19.62448"/>
    <trkpt lat="41.08402" lon="19.61864"/>
    <trkpt lat="41.0883" lon="19.61224"/>
    <trkpt lat="41.09032" lon="19.61025"/>
    <trkpt lat="41.09221" lon="19.60924"/>
    <trkpt lat="41.0938" lon="19.60888"/>
    <trkpt lat="41.10015" lon="19.60934"/>
    <trkpt lat="41.10508" lon="19.60884"/>
    <trkpt lat="41.10624" lon="19.60853"/>
    <trkpt lat="41.11834" lon="19.60335"/>
    <trkpt lat="41.12666" lon="19.59897"/>
    <trkpt lat="41.14649" lon="19.58958"/>
    <trkpt lat="41.14777" lon="19.58876"/>
    <trkpt lat="41.15001" lon="19.58622"/>
    <trkpt lat="41.15414" lon="19.58321"/>
    <trkpt lat="41.15554" lon="19.58163"/>
    <trkpt lat="41.17468" lon="19.55196"/>
    <trkpt lat="41.17573" lon="19.55074"/>
    <trkpt lat="41.17771" lon="19.54894"/>
    <trkpt lat="41.18306" lon="19.54433"/>
    <trkpt lat="41.18463" lon="19.54334"/>
    <trkpt lat="41.20283" lon="19.5358"/>
    <trkpt lat="41.20595" lon="19.53456"/>
    <trkpt lat="41.2089" lon="19.53376"/>
    <trkpt lat="41.23094" lon="19.52459"/>
    <trkpt lat="41.23248" lon="19.52413"/>
    <trkpt lat="41.23554" lon="19.52414"/>
    <trkpt lat="41.25574" lon="19.52657"/>
    <trkpt lat="41.25729" lon="19.5264"/>
    <trkpt lat="41.26407" lon="19.52428"/>
    <trkpt lat="41.26534" lon="19.52349"/>
    <trkpt lat="41.27161" lon="19.51823"/>
    <trkpt lat="41.27271" lon="19.51752"/>
    <trkpt lat="41.27542" lon="19.51664"/>
    <trkpt lat="41.27935" lon="19.51457"/>
    <trkpt lat="41.28377" lon="19.51442"/>
    <trkpt lat="41.28871" lon="19.51317"/>
    <trkpt lat="41.28958" lon="19.51249"/>
    <trkpt lat="41.2914" lon="19.51025"/>
    <trkpt lat="41.29402" lon="19.50924"/>
    <trkpt lat="41.29824" lon="19.50558"/>
    <trkpt lat="41.30091" lon="19.50403"/>
    <trkpt lat="41.30226" lon="19.5028"/>
    <trkpt lat="41.30992" lon="19.50067"/>
    <trkpt lat="41.32057" lon="19.49596"/>
    <trkpt lat="41.32114" lon="19.49507"/>
    <trkpt lat="41.32256" lon="19.48797"/>
    <trkpt lat="41.3231" lon="19.48624"/>
    <trkpt lat="41.32398" lon="19.48392"/>
    <trkpt lat="41.32489" lon="19.4823"/>
    <trkpt lat="41.32698" lon="19.48035"/>
    <trkpt lat="41.3307" lon="19.47772"/>
    <trkpt lat="41.33105" lon="19.4777"/>
    <trkpt lat="41.33138" lon="19.47806"/>
    <trkpt lat="41.33185" lon="19.47782"/>
    <trkpt lat="41.33214" lon="19.47797"/>
    <trkpt lat="41.33612" lon="19.4833"/>
    <trkpt lat="41.3383" lon="19.48705"/>
    <trkpt lat="41.3402" lon="19.49085"/>
    <trkpt lat="41.35566" lon="19.52867"/>
    <trkpt lat="41.35809" lon="19.53423"/>
    <trkpt lat="41.35975" lon="19.53863"/>
    <trkpt lat="41.36644" lon="19.55375"/>
    <trkpt lat="41.36743" lon="19.55643"/>
    <trkpt lat="41.36806" lon="19.55995"/>
    <trkpt lat="41.36869" lon="19.57653"/>
    <trkpt lat="41.37064" lon="19.60028"/>
    <trkpt lat="41.37125" lon="19.60455"/>
    <trkpt lat="41.37256" lon="19.61156"/>
    <trkpt lat="41.37347" lon="19.61469"/>
    <trkpt lat="41.3752" lon="19.61801"/>
    <trkpt lat="41.37705" lon="19.6202"/>
    <trkpt lat="41.39235" lon="19.63232"/>
    <trkpt lat="41.39412" lon="19.63404"/>
    <trkpt lat="41.39677" lon="19.63712"/>
    <trkpt lat="41.39841" lon="19.63928"/>
    <trkpt lat="41.3993" lon="19.64116"/>
    <trkpt lat="41.3999" lon="19.64372"/>
    <trkpt lat="41.40001" lon="19.6459"/>
    <trkpt lat="41.39987" lon="19.64726"/>
    <trkpt lat="41.39939" lon="19.6491"/>
    <trkpt lat="41.3987" lon="19.6506"/>
    <trkpt lat="41.39761" lon="19.65235"/>
    <trkpt lat="41.38259" lon="19.67062"/>
    <trkpt lat="41.38113" lon="19.67191"/>
    <trkpt lat="41.37562" lon="19.67587"/>
    <trkpt lat="41.37379" lon="19.67767"/>
    <trkpt lat="41.3721" lon="19.68005"/>
    <trkpt lat="41.37091" lon="19.68242"/>
    <trkpt lat="41.37005" lon="19.68479"/>
    <trkpt lat="41.36954" lon="19.68697"/>
    <trkpt lat="41.36774" lon="19.70087"/>
    <trkpt lat="41.3672" lon="19.70276"/>
    <trkpt lat="41.36436" lon="19.71026"/>
    <trkpt lat="41.36008" lon="19.72629"/>
    <trkpt lat="41.34107" lon="19.7812"/>
    <trkpt lat="41.33965" lon="19.78475"/>
    <trkpt lat="41.33402" lon="19.8014"/>
    <trkpt lat="41.33326" lon="19.80356"/>
    <trkpt lat="41.33277" lon="19.80418"/>
    <trkpt lat="41.3326" lon="19.80561"/>
    <trkpt lat="41.32903" lon="19.81588"/>
    <trkpt lat="41.3256" lon="19.8169"/>
    <trkpt lat="41.32594" lon="19.81911"/>
    <trkpt lat="41.32671" lon="19.81891"/>
    <trkpt lat="41.32711" lon="19.81928"/>
    <trkpt lat="41.32757" lon="19.81913"/>
    <trkpt lat="41.32767" lon="19.81876"/>
    <trkpt lat="41.3277" lon="19.81893"/>
    <trkpt lat="41.32802" lon="19.81884"/>
    <trkpt lat="41.32826" lon="19.8205"/>
    <trkpt lat="41.33007" lon="19.81992"/>
    <trkpt lat="41.33073" lon="19.82078"/>
    <trkpt lat="41.3321" lon="19.81997"/>
    <trkpt lat="41.33243" lon="19.82084"/>
    <trkpt lat="41.33315" lon="19.82182"/>
    <trkpt lat="41.33341" lon="19.82273"/>
    <trkpt lat="41.3332" lon="19.82287"/>
    <trkpt lat="41.33668" lon="19.82478"/>
    <trkpt lat="41.33821" lon="19.82592"/>
    <trkpt lat="41.34015" lon="19.82634"/>
    <trkpt lat="41.34105" lon="19.82627"/>
    <trkpt lat="41.34606" lon="19.82484"/>
    <trkpt lat="41.34716" lon="19.83208"/>
    <trkpt lat="41.35243" lon="19.83052"/>
    <trkpt lat="41.35262" lon="19.82749"/>
    <trkpt lat="41.35359" lon="19.8271"/>
    <trkpt lat="41.35361" lon="19.8265"/>
    <trkpt lat="41.35517" lon="19.82622"/>
    <trkpt lat="41.3582" lon="19.82647"/>
    <trkpt lat="41.35892" lon="19.82687"/>
    <trkpt lat="41.36018" lon="19.82638"/>
    <trkpt lat="41.3612" lon="19.82676"/>
    <trkpt lat="41.36274" lon="19.82676"/>
    <trkpt lat="41.36327" lon="19.82614"/>
    <trkpt lat="41.3637" lon="19.82597"/>
    <trkpt lat="41.36479" lon="19.82706"/>
    <trkpt lat="41.36592" lon="19.82767"/>
    <trkpt lat="41.36691" lon="19.82866"/>
    <trkpt lat="41.36803" lon="19.82907"/>
    <trkpt lat="41.36897" lon="19.82893"/>
    <trkpt lat="41.36989" lon="19.8282"/>
    <trkpt lat="41.37296" lon="19.82711"/>
    <trkpt lat="41.37492" lon="19.8274"/>
    <trkpt lat="41.37516" lon="19.82683"/>
    <trkpt lat="41.37456" lon="19.82523"/>
    <trkpt lat="41.37439" lon="19.82386"/>
    <trkpt lat="41.37457" lon="19.82308"/>
    <trkpt lat="41.37527" lon="19.82237"/>
    <trkpt lat="41.3757" lon="19.82155"/>
    <trkpt lat="41.37653" lon="19.82137"/>
    <trkpt lat="41.37782" lon="19.82232"/>
    <trkpt lat="41.3786" lon="19.82347"/>
    <trkpt lat="41.37878" lon="19.8235"/>
    <trkpt lat="41.3791" lon="19.82321"/>
    <trkpt lat="41.37916" lon="19.82271"/>
    <trkpt lat="41.37999" lon="19.82091"/>
    <trkpt lat="41.38147" lon="19.82056"/>
    <trkpt lat="41.3832" lon="19.81856"/>
    <trkpt lat="41.38318" lon="19.81961"/>
    <trkpt lat="41.38488" lon="19.82166"/>
    <trkpt lat="41.3858" lon="19.8231"/>
    <trkpt lat="41.38628" lon="19.82325"/>
    <trkpt lat="41.38688" lon="19.82413"/>
    <trkpt lat="41.38802" lon="19.82391"/>
    <trkpt lat="41.39022" lon="19.82522"/>
    <trkpt lat="41.39126" lon="19.82508"/>
    <trkpt lat="41.39121" lon="19.82587"/>
    <trkpt lat="41.39184" lon="19.82688"/>
    <trkpt lat="41.39209" lon="19.82871"/>
    <trkpt lat="41.39254" lon="19.82976"/>
    <trkpt lat="41.39373" lon="19.83"/>
    <trkpt lat="41.39522" lon="19.83095"/>
    <trkpt lat="41.39751" lon="19.83028"/>
    <trkpt lat="41.39749" lon="19.83091"/>
    <trkpt lat="41.39769" lon="19.83146"/>
    <trkpt lat="41.39964" lon="19.83348"/>
    <trkpt lat="41.40014" lon="19.8345"/>
    <trkpt lat="41.4011" lon="19.83406"/>
    <trkpt lat="41.40296" lon="19.83428"/>
    <trkpt lat="41.40466" lon="19.83409"/>
    <trkpt lat="41.40755" lon="19.83337"/>
    <trkpt lat="41.40853" lon="19.83447"/>
    <trkpt lat="41.40916" lon="19.83424"/>
    <trkpt lat="41.41132" lon="19.83613"/>
    <trkpt lat="41.41244" lon="19.83672"/>
    <trkpt lat="41.41473" lon="19.83918"/>
    <trkpt lat="41.41508" lon="19.84034"/>
    <trkpt lat="41.41602" lon="19.84069"/>
    <trkpt lat="41.41635" lon="19.84135"/>
    <trkpt lat="41.41778" lon="19.8425"/>
    <trkpt lat="41.4184" lon="19.84227"/>
    <trkpt lat="41.41895" lon="19.84309"/>
    <trkpt lat="41.41955" lon="19.8434"/>
    <trkpt lat="41.42016" lon="19.84412"/>
    <trkpt lat="41.42075" lon="19.84424"/>
    <trkpt lat="41.42184" lon="19.84602"/>
    <trkpt lat="41.42296" lon="19.84866"/>
    <trkpt lat="41.4246" lon="19.85008"/>
    <trkpt lat="41.42511" lon="19.85204"/>
    <trkpt lat="41.42599" lon="19.85275"/>
    <trkpt lat="41.42667" lon="19.85282"/>
    <trkpt lat="41.42687" lon="19.85427"/>
    <trkpt lat="41.42754" lon="19.85557"/>
    <trkpt lat="41.42909" lon="19.85676"/>
    <trkpt lat="41.43024" lon="19.85889"/>
    <trkpt lat="41.43096" lon="19.85952"/>
    <trkpt lat="41.43417" lon="19.86048"/>
    <trkpt lat="41.43444" lon="19.8609"/>
    <trkpt lat="41.43482" lon="19.86096"/>
    <trkpt lat="41.43517" lon="19.86132"/>
    <trkpt lat="41.43855" lon="19.8624"/>
    <trkpt lat="41.44051" lon="19.86352"/>
    <trkpt lat="41.44182" lon="19.86351"/>
    <trkpt lat="41.44227" lon="19.86423"/>
    <trkpt lat="41.44343" lon="19.86377"/>
    <trkpt lat="41.44391" lon="19.86386"/>
    <trkpt lat="41.44513" lon="19.86495"/>
    <trkpt lat="41.4446" lon="19.86601"/>
    <trkpt lat="41.4449" lon="19.86566"/>
    <trkpt lat="41.4453" lon="19.8657"/>
    <trkpt lat="41.44565" lon="19.86542"/>
    <trkpt lat="41.44548" lon="19.86605"/>
    <trkpt lat="41.44488" lon="19.86638"/>
    <trkpt lat="41.44593" lon="19.86621"/>
    <trkpt lat="41.4465" lon="19.86706"/>
    <trkpt lat="41.44675" lon="19.86847"/>
    <trkpt lat="41.44697" lon="19.86755"/>
    <trkpt lat="41.44704" lon="19.86821"/>
    <trkpt lat="41.44725" lon="19.8684"/>
    <trkpt lat="41.44734" lon="19.86698"/>
    <trkpt lat="41.44784" lon="19.86778"/>
    <trkpt lat="41.44766" lon="19.8666"/>
    <trkpt lat="41.44811" lon="19.86715"/>
    <trkpt lat="41.44804" lon="19.86613"/>
    <trkpt lat="41.44879" lon="19.86664"/>
    <trkpt lat="41.44859" lon="19.86616"/>
    <trkpt lat="41.44934" lon="19.86633"/>
    <trkpt lat="41.44936" lon="19.86606"/>
    <trkpt lat="41.44962" lon="19.86605"/>
    <trkpt lat="41.44943" lon="19.86564"/>
    <trkpt lat="41.45018" lon="19.86579"/>
    <trkpt lat="41.45032" lon="19.86552"/>
    <trkpt lat="41.45085" lon="19.8655"/>
    <trkpt lat="41.4507" lon="19.86462"/>
    <trkpt lat="41.45028" lon="19.86363"/>
    <trkpt lat="41.44934" lon="19.86369"/>
    <trkpt lat="41.44806" lon="19.86429"/>
    <trkpt lat="41.44812" lon="19.86399"/>
    <trkpt lat="41.44773" lon="19.86413"/>
    <trkpt lat="41.44813" lon="19.8671"/>
    <trkpt lat="41.44769" lon="19.86655"/>
    <trkpt lat="41.44784" lon="19.86778"/>
    <trkpt lat="41.44734" lon="19.86698"/>
    <trkpt lat="41.44725" lon="19.8684"/>
    <trkpt lat="41.44704" lon="19.86821"/>
    <trkpt lat="41.44697" lon="19.86755"/>
    <trkpt lat="41.44675" lon="19.86847"/>
    <trkpt lat="41.4465" lon="19.86706"/>
    <trkpt lat="41.44593" lon="19.86621"/>
    <trkpt lat="41.44488" lon="19.86638"/>
    <trkpt lat="41.44548" lon="19.86605"/>
    <trkpt lat="41.44565" lon="19.86542"/>
    <trkpt lat="41.4453" lon="19.8657"/>
    <trkpt lat="41.4449" lon="19.86566"/>
    <trkpt lat="41.4446" lon="19.86601"/>
    <trkpt lat="41.44513" lon="19.86495"/>
    <trkpt lat="41.44391" lon="19.86386"/>
    <trkpt lat="41.44343" lon="19.86377"/>
    <trkpt lat="41.44227" lon="19.86423"/>
    <trkpt lat="41.44182" lon="19.86351"/>
    <trkpt lat="41.44051" lon="19.86352"/>
    <trkpt lat="41.43855" lon="19.8624"/>
    <trkpt lat="41.43517" lon="19.86132"/>
    <trkpt lat="41.43482" lon="19.86096"/>
    <trkpt lat="41.43444" lon="19.8609"/>
    <trkpt lat="41.43417" lon="19.86048"/>
    <trkpt lat="41.43096" lon="19.85952"/>
    <trkpt lat="41.43024" lon="19.85889"/>
    <trkpt lat="41.42909" lon="19.85676"/>
    <trkpt lat="41.42754" lon="19.85557"/>
    <trkpt lat="41.42687" lon="19.85427"/>
    <trkpt lat="41.42667" lon="19.85282"/>
    <trkpt lat="41.42599" lon="19.85275"/>
    <trkpt lat="41.42511" lon="19.85204"/>
    <trkpt lat="41.4246" lon="19.85008"/>
    <trkpt lat="41.42296" lon="19.84866"/>
    <trkpt lat="41.42184" lon="19.84602"/>
    <trkpt lat="41.42075" lon="19.84424"/>
    <trkpt lat="41.42016" lon="19.84412"/>
    <trkpt lat="41.41955" lon="19.8434"/>
    <trkpt lat="41.41895" lon="19.84309"/>
    <trkpt lat="41.4184" lon="19.84227"/>
    <trkpt lat="41.41778" lon="19.8425"/>
    <trkpt lat="41.41635" lon="19.84135"/>
    <trkpt lat="41.41602" lon="19.84069"/>
    <trkpt lat="41.41508" lon="19.84034"/>
    <trkpt lat="41.41473" lon="19.83918"/>
    <trkpt lat="41.41244" lon="19.83672"/>
    <trkpt lat="41.41132" lon="19.83613"/>
    <trkpt lat="41.40916" lon="19.83424"/>
    <trkpt lat="41.40853" lon="19.83447"/>
    <trkpt lat="41.40755" lon="19.83337"/>
    <trkpt lat="41.40466" lon="19.83409"/>
    <trkpt lat="41.40296" lon="19.83428"/>
    <trkpt lat="41.4011" lon="19.83406"/>
    <trkpt lat="41.4002" lon="19.83453"/>
    <trkpt lat="41.39918" lon="19.83291"/>
    <trkpt lat="41.39769" lon="19.83146"/>
    <trkpt lat="41.39749" lon="19.83091"/>
    <trkpt lat="41.39751" lon="19.83028"/>
    <trkpt lat="41.39522" lon="19.83095"/>
    <trkpt lat="41.39373" lon="19.83"/>
    <trkpt lat="41.39254" lon="19.82976"/>
    <trkpt lat="41.39209" lon="19.82871"/>
    <trkpt lat="41.39184" lon="19.82688"/>
    <trkpt lat="41.39119" lon="19.82579"/>
    <trkpt lat="41.3915" lon="19.82348"/>
    <trkpt lat="41.39128" lon="19.82238"/>
    <trkpt lat="41.39056" lon="19.82161"/>
    <trkpt lat="41.38994" lon="19.82156"/>
    <trkpt lat="41.38953" lon="19.82066"/>
    <trkpt lat="41.389" lon="19.82024"/>
    <trkpt lat="41.38849" lon="19.81947"/>
    <trkpt lat="41.38713" lon="19.81852"/>
    <trkpt lat="41.38631" lon="19.81518"/>
    <trkpt lat="41.3842" lon="19.81419"/>
    <trkpt lat="41.38107" lon="19.81157"/>
    <trkpt lat="41.3799" lon="19.80679"/>
    <trkpt lat="41.37908" lon="19.80463"/>
    <trkpt lat="41.38178" lon="19.8037"/>
    <trkpt lat="41.3835" lon="19.80245"/>
    <trkpt lat="41.38447" lon="19.8014"/>
    <trkpt lat="41.38461" lon="19.80016"/>
    <trkpt lat="41.38451" lon="19.79766"/>
    <trkpt lat="41.38388" lon="19.795"/>
    <trkpt lat="41.38367" lon="19.79029"/>
    <trkpt lat="41.38394" lon="19.78924"/>
    <trkpt lat="41.38511" lon="19.78712"/>
    <trkpt lat="41.38516" lon="19.78483"/>
    <trkpt lat="41.38566" lon="19.78335"/>
    <trkpt lat="41.38943" lon="19.77787"/>
    <trkpt lat="41.38604" lon="19.76782"/>
    <trkpt lat="41.39424" lon="19.76338"/>
    <trkpt lat="41.39181" lon="19.75575"/>
    <trkpt lat="41.40338" lon="19.74924"/>
    <trkpt lat="41.4096" lon="19.74468"/>
    <trkpt lat="41.41384" lon="19.74301"/>
    <trkpt lat="41.41388" lon="19.7419"/>
    <trkpt lat="41.41354" lon="19.74064"/>
    <trkpt lat="41.4141" lon="19.74019"/>
    <trkpt lat="41.41384" lon="19.73888"/>
    <trkpt lat="41.41372" lon="19.73652"/>
    <trkpt lat="41.41396" lon="19.73345"/>
    <trkpt lat="41.41379" lon="19.73246"/>
    <trkpt lat="41.41387" lon="19.73181"/>
    <trkpt lat="41.41447" lon="19.73058"/>
    <trkpt lat="41.41456" lon="19.72992"/>
    <trkpt lat="41.41514" lon="19.72915"/>
    <trkpt lat="41.41526" lon="19.72814"/>
    <trkpt lat="41.41711" lon="19.72672"/>
    <trkpt lat="41.41695" lon="19.7262"/>
    <trkpt lat="41.41719" lon="19.72517"/>
    <trkpt lat="41.41702" lon="19.723"/>
    <trkpt lat="41.41501" lon="19.72338"/>
  </trkseg></trk>
  <trk><name>4 Čt·C – Čtvrtek s Krujë</name><trkseg>
    <trkpt lat="40.73111" lon="20.04117"/>
    <trkpt lat="40.73313" lon="20.04135"/>
    <trkpt lat="40.7337" lon="20.04179"/>
    <trkpt lat="40.73415" lon="20.04133"/>
    <trkpt lat="40.73554" lon="20.0406"/>
    <trkpt lat="40.7359" lon="20.04009"/>
    <trkpt lat="40.73743" lon="20.04077"/>
    <trkpt lat="40.73752" lon="20.04054"/>
    <trkpt lat="40.7369" lon="20.04007"/>
    <trkpt lat="40.73698" lon="20.03982"/>
    <trkpt lat="40.73726" lon="20.03977"/>
    <trkpt lat="40.73926" lon="20.0403"/>
    <trkpt lat="40.73994" lon="20.0413"/>
    <trkpt lat="40.74026" lon="20.04152"/>
    <trkpt lat="40.7404" lon="20.04133"/>
    <trkpt lat="40.73951" lon="20.03878"/>
    <trkpt lat="40.73836" lon="20.03719"/>
    <trkpt lat="40.73796" lon="20.03577"/>
    <trkpt lat="40.73692" lon="20.03374"/>
    <trkpt lat="40.73679" lon="20.03301"/>
    <trkpt lat="40.73641" lon="20.03251"/>
    <trkpt lat="40.73582" lon="20.03246"/>
    <trkpt lat="40.73507" lon="20.03183"/>
    <trkpt lat="40.73486" lon="20.03103"/>
    <trkpt lat="40.73484" lon="20.03054"/>
    <trkpt lat="40.73503" lon="20.03043"/>
    <trkpt lat="40.7355" lon="20.03163"/>
    <trkpt lat="40.73584" lon="20.03205"/>
    <trkpt lat="40.73659" lon="20.03185"/>
    <trkpt lat="40.73766" lon="20.03268"/>
    <trkpt lat="40.73819" lon="20.03222"/>
    <trkpt lat="40.73812" lon="20.02996"/>
    <trkpt lat="40.73826" lon="20.02895"/>
    <trkpt lat="40.73801" lon="20.02814"/>
    <trkpt lat="40.738" lon="20.02734"/>
    <trkpt lat="40.73729" lon="20.02651"/>
    <trkpt lat="40.73692" lon="20.02509"/>
    <trkpt lat="40.73632" lon="20.02374"/>
    <trkpt lat="40.73603" lon="20.02237"/>
    <trkpt lat="40.73641" lon="20.02064"/>
    <trkpt lat="40.73614" lon="20.02001"/>
    <trkpt lat="40.73613" lon="20.01854"/>
    <trkpt lat="40.73525" lon="20.01538"/>
    <trkpt lat="40.73508" lon="20.0138"/>
    <trkpt lat="40.73519" lon="20.01243"/>
    <trkpt lat="40.73496" lon="20.01175"/>
    <trkpt lat="40.73508" lon="20.01051"/>
    <trkpt lat="40.73462" lon="20.00949"/>
    <trkpt lat="40.7344" lon="20.0095"/>
    <trkpt lat="40.73424" lon="20.01211"/>
    <trkpt lat="40.73409" lon="20.01221"/>
    <trkpt lat="40.73286" lon="20.00959"/>
    <trkpt lat="40.73215" lon="20.00887"/>
    <trkpt lat="40.7317" lon="20.00879"/>
    <trkpt lat="40.73116" lon="20.00652"/>
    <trkpt lat="40.73024" lon="20.00402"/>
    <trkpt lat="40.73008" lon="20.00402"/>
    <trkpt lat="40.73005" lon="20.00452"/>
    <trkpt lat="40.72943" lon="20.00452"/>
    <trkpt lat="40.72955" lon="20.00364"/>
    <trkpt lat="40.72826" lon="20.00102"/>
    <trkpt lat="40.72752" lon="19.99979"/>
    <trkpt lat="40.72663" lon="19.99981"/>
    <trkpt lat="40.72552" lon="19.99674"/>
    <trkpt lat="40.72522" lon="19.99628"/>
    <trkpt lat="40.72428" lon="19.99574"/>
    <trkpt lat="40.72379" lon="19.99477"/>
    <trkpt lat="40.72322" lon="19.99459"/>
    <trkpt lat="40.72255" lon="19.99241"/>
    <trkpt lat="40.72212" lon="19.99238"/>
    <trkpt lat="40.72151" lon="19.99304"/>
    <trkpt lat="40.72078" lon="19.99256"/>
    <trkpt lat="40.7201" lon="19.99263"/>
    <trkpt lat="40.71908" lon="19.99327"/>
    <trkpt lat="40.71854" lon="19.99326"/>
    <trkpt lat="40.71639" lon="19.99079"/>
    <trkpt lat="40.71486" lon="19.98978"/>
    <trkpt lat="40.71426" lon="19.98858"/>
    <trkpt lat="40.71142" lon="19.98605"/>
    <trkpt lat="40.71035" lon="19.98473"/>
    <trkpt lat="40.70943" lon="19.98318"/>
    <trkpt lat="40.70847" lon="19.98285"/>
    <trkpt lat="40.70707" lon="19.98277"/>
    <trkpt lat="40.70523" lon="19.98201"/>
    <trkpt lat="40.70472" lon="19.98151"/>
    <trkpt lat="40.7035" lon="19.97809"/>
    <trkpt lat="40.70338" lon="19.97696"/>
    <trkpt lat="40.70288" lon="19.97583"/>
    <trkpt lat="40.70336" lon="19.97444"/>
    <trkpt lat="40.70361" lon="19.97183"/>
    <trkpt lat="40.70084" lon="19.96892"/>
    <trkpt lat="40.70046" lon="19.96672"/>
    <trkpt lat="40.70197" lon="19.95945"/>
    <trkpt lat="40.70145" lon="19.95908"/>
    <trkpt lat="40.7019" lon="19.95803"/>
    <trkpt lat="40.70034" lon="19.9568"/>
    <trkpt lat="40.70213" lon="19.95515"/>
    <trkpt lat="40.70397" lon="19.95198"/>
    <trkpt lat="40.70432" lon="19.95042"/>
    <trkpt lat="40.70455" lon="19.95007"/>
    <trkpt lat="40.7038" lon="19.94394"/>
    <trkpt lat="40.70415" lon="19.94319"/>
    <trkpt lat="40.70699" lon="19.94025"/>
    <trkpt lat="40.7119" lon="19.93843"/>
    <trkpt lat="40.71285" lon="19.93868"/>
    <trkpt lat="40.71594" lon="19.94014"/>
    <trkpt lat="40.71865" lon="19.94338"/>
    <trkpt lat="40.71918" lon="19.94319"/>
    <trkpt lat="40.72524" lon="19.94338"/>
    <trkpt lat="40.73439" lon="19.94013"/>
    <trkpt lat="40.74337" lon="19.93437"/>
    <trkpt lat="40.74455" lon="19.93342"/>
    <trkpt lat="40.7608" lon="19.91224"/>
    <trkpt lat="40.77182" lon="19.89091"/>
    <trkpt lat="40.77241" lon="19.89005"/>
    <trkpt lat="40.77666" lon="19.88567"/>
    <trkpt lat="40.77801" lon="19.88296"/>
    <trkpt lat="40.77824" lon="19.8829"/>
    <trkpt lat="40.77817" lon="19.88263"/>
    <trkpt lat="40.7785" lon="19.88117"/>
    <trkpt lat="40.77801" lon="19.87876"/>
    <trkpt lat="40.77762" lon="19.87506"/>
    <trkpt lat="40.77753" lon="19.86931"/>
    <trkpt lat="40.77678" lon="19.86573"/>
    <trkpt lat="40.78341" lon="19.84518"/>
    <trkpt lat="40.78445" lon="19.84284"/>
    <trkpt lat="40.7873" lon="19.83924"/>
    <trkpt lat="40.78801" lon="19.83887"/>
    <trkpt lat="40.79337" lon="19.83821"/>
    <trkpt lat="40.7973" lon="19.83696"/>
    <trkpt lat="40.80027" lon="19.83766"/>
    <trkpt lat="40.81473" lon="19.83139"/>
    <trkpt lat="40.81873" lon="19.82992"/>
    <trkpt lat="40.826" lon="19.82368"/>
    <trkpt lat="40.82876" lon="19.8224"/>
    <trkpt lat="40.83052" lon="19.82051"/>
    <trkpt lat="40.83311" lon="19.81961"/>
    <trkpt lat="40.83525" lon="19.81792"/>
    <trkpt lat="40.83757" lon="19.81707"/>
    <trkpt lat="40.84002" lon="19.81509"/>
    <trkpt lat="40.84213" lon="19.81501"/>
    <trkpt lat="40.84253" lon="19.8148"/>
    <trkpt lat="40.84282" lon="19.81431"/>
    <trkpt lat="40.84451" lon="19.80884"/>
    <trkpt lat="40.84508" lon="19.80249"/>
    <trkpt lat="40.84544" lon="19.80138"/>
    <trkpt lat="40.84602" lon="19.80057"/>
    <trkpt lat="40.86868" lon="19.78288"/>
    <trkpt lat="40.8692" lon="19.78279"/>
    <trkpt lat="40.87125" lon="19.78349"/>
    <trkpt lat="40.87785" lon="19.78201"/>
    <trkpt lat="40.88316" lon="19.77339"/>
    <trkpt lat="40.88785" lon="19.77028"/>
    <trkpt lat="40.89198" lon="19.76595"/>
    <trkpt lat="40.89459" lon="19.76272"/>
    <trkpt lat="40.89689" lon="19.75933"/>
    <trkpt lat="40.89936" lon="19.7492"/>
    <trkpt lat="40.90028" lon="19.74776"/>
    <trkpt lat="40.90147" lon="19.7444"/>
    <trkpt lat="40.90279" lon="19.74182"/>
    <trkpt lat="40.90329" lon="19.74021"/>
    <trkpt lat="40.90346" lon="19.73824"/>
    <trkpt lat="40.9038" lon="19.73739"/>
    <trkpt lat="40.90549" lon="19.73516"/>
    <trkpt lat="40.90691" lon="19.73445"/>
    <trkpt lat="40.90907" lon="19.73254"/>
    <trkpt lat="40.91811" lon="19.72001"/>
    <trkpt lat="40.91997" lon="19.71812"/>
    <trkpt lat="40.9209" lon="19.71674"/>
    <trkpt lat="40.92138" lon="19.71642"/>
    <trkpt lat="40.92277" lon="19.71615"/>
    <trkpt lat="40.92473" lon="19.71508"/>
    <trkpt lat="40.92719" lon="19.71126"/>
    <trkpt lat="40.92827" lon="19.71038"/>
    <trkpt lat="40.93008" lon="19.70966"/>
    <trkpt lat="40.93641" lon="19.70788"/>
    <trkpt lat="40.94187" lon="19.70595"/>
    <trkpt lat="40.94234" lon="19.70678"/>
    <trkpt lat="40.94396" lon="19.70614"/>
    <trkpt lat="40.94426" lon="19.7064"/>
    <trkpt lat="40.94445" lon="19.70611"/>
    <trkpt lat="40.94336" lon="19.70465"/>
    <trkpt lat="40.9478" lon="19.69379"/>
    <trkpt lat="40.9568" lon="19.68605"/>
    <trkpt lat="40.9679" lon="19.67706"/>
    <trkpt lat="40.9772" lon="19.67074"/>
    <trkpt lat="40.97961" lon="19.66969"/>
    <trkpt lat="40.98248" lon="19.66896"/>
    <trkpt lat="40.98388" lon="19.66825"/>
    <trkpt lat="40.98456" lon="19.66828"/>
    <trkpt lat="40.98653" lon="19.66895"/>
    <trkpt lat="40.99229" lon="19.66869"/>
    <trkpt lat="40.99424" lon="19.66813"/>
    <trkpt lat="41.00287" lon="19.66462"/>
    <trkpt lat="41.00748" lon="19.66343"/>
    <trkpt lat="41.01368" lon="19.6633"/>
    <trkpt lat="41.01652" lon="19.66277"/>
    <trkpt lat="41.01864" lon="19.66198"/>
    <trkpt lat="41.02278" lon="19.65973"/>
    <trkpt lat="41.02501" lon="19.65898"/>
    <trkpt lat="41.03931" lon="19.65759"/>
    <trkpt lat="41.04126" lon="19.65713"/>
    <trkpt lat="41.04362" lon="19.65603"/>
    <trkpt lat="41.05196" lon="19.65078"/>
    <trkpt lat="41.05229" lon="19.65074"/>
    <trkpt lat="41.05358" lon="19.64976"/>
    <trkpt lat="41.05772" lon="19.64738"/>
    <trkpt lat="41.05933" lon="19.64669"/>
    <trkpt lat="41.06458" lon="19.64516"/>
    <trkpt lat="41.06564" lon="19.64458"/>
    <trkpt lat="41.06681" lon="19.6435"/>
    <trkpt lat="41.07126" lon="19.63781"/>
    <trkpt lat="41.07199" lon="19.63754"/>
    <trkpt lat="41.07257" lon="19.63761"/>
    <trkpt lat="41.07259" lon="19.63634"/>
    <trkpt lat="41.07333" lon="19.63369"/>
    <trkpt lat="41.07643" lon="19.62775"/>
    <trkpt lat="41.07744" lon="19.6265"/>
    <trkpt lat="41.07951" lon="19.62448"/>
    <trkpt lat="41.08402" lon="19.61864"/>
    <trkpt lat="41.0883" lon="19.61224"/>
    <trkpt lat="41.09032" lon="19.61025"/>
    <trkpt lat="41.09221" lon="19.60924"/>
    <trkpt lat="41.0938" lon="19.60888"/>
    <trkpt lat="41.10015" lon="19.60934"/>
    <trkpt lat="41.10508" lon="19.60884"/>
    <trkpt lat="41.10624" lon="19.60853"/>
    <trkpt lat="41.11834" lon="19.60335"/>
    <trkpt lat="41.12666" lon="19.59897"/>
    <trkpt lat="41.14649" lon="19.58958"/>
    <trkpt lat="41.14777" lon="19.58876"/>
    <trkpt lat="41.15001" lon="19.58622"/>
    <trkpt lat="41.15414" lon="19.58321"/>
    <trkpt lat="41.15554" lon="19.58163"/>
    <trkpt lat="41.17468" lon="19.55196"/>
    <trkpt lat="41.17573" lon="19.55074"/>
    <trkpt lat="41.17771" lon="19.54894"/>
    <trkpt lat="41.18306" lon="19.54433"/>
    <trkpt lat="41.18463" lon="19.54334"/>
    <trkpt lat="41.20283" lon="19.5358"/>
    <trkpt lat="41.20595" lon="19.53456"/>
    <trkpt lat="41.2089" lon="19.53376"/>
    <trkpt lat="41.23094" lon="19.52459"/>
    <trkpt lat="41.23248" lon="19.52413"/>
    <trkpt lat="41.23554" lon="19.52414"/>
    <trkpt lat="41.25574" lon="19.52657"/>
    <trkpt lat="41.25729" lon="19.5264"/>
    <trkpt lat="41.26407" lon="19.52428"/>
    <trkpt lat="41.26534" lon="19.52349"/>
    <trkpt lat="41.27161" lon="19.51823"/>
    <trkpt lat="41.27271" lon="19.51752"/>
    <trkpt lat="41.27542" lon="19.51664"/>
    <trkpt lat="41.27935" lon="19.51457"/>
    <trkpt lat="41.28377" lon="19.51442"/>
    <trkpt lat="41.28871" lon="19.51317"/>
    <trkpt lat="41.28958" lon="19.51249"/>
    <trkpt lat="41.2914" lon="19.51025"/>
    <trkpt lat="41.29402" lon="19.50924"/>
    <trkpt lat="41.29824" lon="19.50558"/>
    <trkpt lat="41.30091" lon="19.50403"/>
    <trkpt lat="41.30226" lon="19.5028"/>
    <trkpt lat="41.30992" lon="19.50067"/>
    <trkpt lat="41.32057" lon="19.49596"/>
    <trkpt lat="41.32114" lon="19.49507"/>
    <trkpt lat="41.32256" lon="19.48797"/>
    <trkpt lat="41.3231" lon="19.48624"/>
    <trkpt lat="41.32398" lon="19.48392"/>
    <trkpt lat="41.32489" lon="19.4823"/>
    <trkpt lat="41.32698" lon="19.48035"/>
    <trkpt lat="41.3307" lon="19.47772"/>
    <trkpt lat="41.33105" lon="19.4777"/>
    <trkpt lat="41.33138" lon="19.47806"/>
    <trkpt lat="41.33185" lon="19.47782"/>
    <trkpt lat="41.33214" lon="19.47797"/>
    <trkpt lat="41.33612" lon="19.4833"/>
    <trkpt lat="41.3383" lon="19.48705"/>
    <trkpt lat="41.3402" lon="19.49085"/>
    <trkpt lat="41.35566" lon="19.52867"/>
    <trkpt lat="41.35809" lon="19.53423"/>
    <trkpt lat="41.35975" lon="19.53863"/>
    <trkpt lat="41.36644" lon="19.55375"/>
    <trkpt lat="41.36743" lon="19.55643"/>
    <trkpt lat="41.36806" lon="19.55995"/>
    <trkpt lat="41.36869" lon="19.57653"/>
    <trkpt lat="41.37064" lon="19.60028"/>
    <trkpt lat="41.37125" lon="19.60455"/>
    <trkpt lat="41.37256" lon="19.61156"/>
    <trkpt lat="41.37347" lon="19.61469"/>
    <trkpt lat="41.3752" lon="19.61801"/>
    <trkpt lat="41.37705" lon="19.6202"/>
    <trkpt lat="41.39235" lon="19.63232"/>
    <trkpt lat="41.39438" lon="19.63433"/>
    <trkpt lat="41.3978" lon="19.63838"/>
    <trkpt lat="41.39869" lon="19.63976"/>
    <trkpt lat="41.39961" lon="19.64218"/>
    <trkpt lat="41.40002" lon="19.6453"/>
    <trkpt lat="41.3999" lon="19.64709"/>
    <trkpt lat="41.39946" lon="19.64891"/>
    <trkpt lat="41.3987" lon="19.6506"/>
    <trkpt lat="41.39761" lon="19.65235"/>
    <trkpt lat="41.38259" lon="19.67062"/>
    <trkpt lat="41.38113" lon="19.67191"/>
    <trkpt lat="41.37562" lon="19.67587"/>
    <trkpt lat="41.37379" lon="19.67767"/>
    <trkpt lat="41.37192" lon="19.68036"/>
    <trkpt lat="41.37061" lon="19.68315"/>
    <trkpt lat="41.36954" lon="19.68697"/>
    <trkpt lat="41.36774" lon="19.70087"/>
    <trkpt lat="41.3672" lon="19.70276"/>
    <trkpt lat="41.36436" lon="19.71026"/>
    <trkpt lat="41.36008" lon="19.72629"/>
    <trkpt lat="41.34107" lon="19.7812"/>
    <trkpt lat="41.33965" lon="19.78475"/>
    <trkpt lat="41.33402" lon="19.8014"/>
    <trkpt lat="41.33326" lon="19.80356"/>
    <trkpt lat="41.33277" lon="19.80418"/>
    <trkpt lat="41.3326" lon="19.80561"/>
    <trkpt lat="41.32903" lon="19.81588"/>
    <trkpt lat="41.3256" lon="19.8169"/>
    <trkpt lat="41.32594" lon="19.81911"/>
    <trkpt lat="41.32671" lon="19.81891"/>
    <trkpt lat="41.32711" lon="19.81928"/>
    <trkpt lat="41.32757" lon="19.81913"/>
    <trkpt lat="41.32711" lon="19.81928"/>
    <trkpt lat="41.32747" lon="19.82267"/>
    <trkpt lat="41.33062" lon="19.82068"/>
    <trkpt lat="41.33013" lon="19.81676"/>
    <trkpt lat="41.32919" lon="19.81596"/>
    <trkpt lat="41.32912" lon="19.81563"/>
    <trkpt lat="41.33053" lon="19.81362"/>
    <trkpt lat="41.33252" lon="19.81"/>
    <trkpt lat="41.33354" lon="19.8067"/>
    <trkpt lat="41.33424" lon="19.80608"/>
    <trkpt lat="41.33344" lon="19.80473"/>
    <trkpt lat="41.33336" lon="19.80363"/>
    <trkpt lat="41.33918" lon="19.78694"/>
    <trkpt lat="41.34001" lon="19.78503"/>
    <trkpt lat="41.34099" lon="19.78175"/>
    <trkpt lat="41.36033" lon="19.72602"/>
    <trkpt lat="41.36412" lon="19.71163"/>
    <trkpt lat="41.36611" lon="19.70601"/>
    <trkpt lat="41.36676" lon="19.7049"/>
    <trkpt lat="41.36838" lon="19.7038"/>
    <trkpt lat="41.37052" lon="19.70345"/>
    <trkpt lat="41.40105" lon="19.70432"/>
    <trkpt lat="41.40934" lon="19.70366"/>
    <trkpt lat="41.41372" lon="19.70272"/>
    <trkpt lat="41.415" lon="19.70269"/>
    <trkpt lat="41.41606" lon="19.703"/>
    <trkpt lat="41.41699" lon="19.70359"/>
    <trkpt lat="41.41836" lon="19.7052"/>
    <trkpt lat="41.41901" lon="19.7066"/>
    <trkpt lat="41.41916" lon="19.70755"/>
    <trkpt lat="41.41949" lon="19.70793"/>
    <trkpt lat="41.42101" lon="19.71183"/>
    <trkpt lat="41.42094" lon="19.71249"/>
    <trkpt lat="41.42139" lon="19.71237"/>
    <trkpt lat="41.42159" lon="19.71286"/>
    <trkpt lat="41.42522" lon="19.71235"/>
    <trkpt lat="41.42792" lon="19.71075"/>
    <trkpt lat="41.43109" lon="19.70681"/>
    <trkpt lat="41.43374" lon="19.70262"/>
    <trkpt lat="41.43408" lon="19.70157"/>
    <trkpt lat="41.43422" lon="19.70001"/>
    <trkpt lat="41.43563" lon="19.69735"/>
    <trkpt lat="41.43616" lon="19.695"/>
    <trkpt lat="41.43618" lon="19.69244"/>
    <trkpt lat="41.43512" lon="19.68875"/>
    <trkpt lat="41.43533" lon="19.68823"/>
    <trkpt lat="41.46362" lon="19.6895"/>
    <trkpt lat="41.46484" lon="19.6899"/>
    <trkpt lat="41.46571" lon="19.6909"/>
    <trkpt lat="41.46692" lon="19.69266"/>
    <trkpt lat="41.47773" lon="19.71391"/>
    <trkpt lat="41.47822" lon="19.71493"/>
    <trkpt lat="41.47922" lon="19.71876"/>
    <trkpt lat="41.47857" lon="19.72559"/>
    <trkpt lat="41.47789" lon="19.73988"/>
    <trkpt lat="41.47602" lon="19.74854"/>
    <trkpt lat="41.47622" lon="19.74939"/>
    <trkpt lat="41.4779" lon="19.75169"/>
    <trkpt lat="41.48033" lon="19.7622"/>
    <trkpt lat="41.48072" lon="19.76328"/>
    <trkpt lat="41.48159" lon="19.7652"/>
    <trkpt lat="41.48203" lon="19.76563"/>
    <trkpt lat="41.4826" lon="19.76584"/>
    <trkpt lat="41.4834" lon="19.76567"/>
    <trkpt lat="41.48482" lon="19.76622"/>
    <trkpt lat="41.48532" lon="19.76671"/>
    <trkpt lat="41.48769" lon="19.76752"/>
    <trkpt lat="41.48786" lon="19.76732"/>
    <trkpt lat="41.48773" lon="19.76646"/>
    <trkpt lat="41.48872" lon="19.7653"/>
    <trkpt lat="41.48882" lon="19.76555"/>
    <trkpt lat="41.48844" lon="19.76656"/>
    <trkpt lat="41.48854" lon="19.76742"/>
    <trkpt lat="41.4901" lon="19.76801"/>
    <trkpt lat="41.49065" lon="19.76861"/>
    <trkpt lat="41.49095" lon="19.76963"/>
    <trkpt lat="41.49105" lon="19.76947"/>
    <trkpt lat="41.49069" lon="19.76804"/>
    <trkpt lat="41.48959" lon="19.76679"/>
    <trkpt lat="41.49006" lon="19.76652"/>
    <trkpt lat="41.49107" lon="19.76703"/>
    <trkpt lat="41.49198" lon="19.76685"/>
    <trkpt lat="41.49184" lon="19.76752"/>
    <trkpt lat="41.49211" lon="19.76888"/>
    <trkpt lat="41.49303" lon="19.77033"/>
    <trkpt lat="41.49312" lon="19.77198"/>
    <trkpt lat="41.49408" lon="19.77282"/>
    <trkpt lat="41.49566" lon="19.77494"/>
    <trkpt lat="41.49702" lon="19.7755"/>
    <trkpt lat="41.49876" lon="19.77711"/>
    <trkpt lat="41.50009" lon="19.777"/>
    <trkpt lat="41.50238" lon="19.77747"/>
    <trkpt lat="41.50531" lon="19.78019"/>
    <trkpt lat="41.50626" lon="19.78008"/>
    <trkpt lat="41.50636" lon="19.78036"/>
    <trkpt lat="41.50618" lon="19.78088"/>
    <trkpt lat="41.50652" lon="19.78153"/>
    <trkpt lat="41.50708" lon="19.78202"/>
    <trkpt lat="41.50867" lon="19.78417"/>
    <trkpt lat="41.50937" lon="19.78596"/>
    <trkpt lat="41.51007" lon="19.78675"/>
    <trkpt lat="41.51057" lon="19.78791"/>
    <trkpt lat="41.5103" lon="19.78827"/>
    <trkpt lat="41.51059" lon="19.78908"/>
    <trkpt lat="41.50993" lon="19.78977"/>
    <trkpt lat="41.50988" lon="19.79025"/>
    <trkpt lat="41.50936" lon="19.79118"/>
    <trkpt lat="41.50924" lon="19.79272"/>
    <trkpt lat="41.50903" lon="19.79307"/>
    <trkpt lat="41.50924" lon="19.79272"/>
    <trkpt lat="41.50939" lon="19.7911"/>
    <trkpt lat="41.50988" lon="19.79025"/>
    <trkpt lat="41.50993" lon="19.78977"/>
    <trkpt lat="41.51059" lon="19.78908"/>
    <trkpt lat="41.5103" lon="19.78827"/>
    <trkpt lat="41.51057" lon="19.78791"/>
    <trkpt lat="41.51007" lon="19.78675"/>
    <trkpt lat="41.50937" lon="19.78596"/>
    <trkpt lat="41.50867" lon="19.78417"/>
    <trkpt lat="41.50708" lon="19.78202"/>
    <trkpt lat="41.50652" lon="19.78153"/>
    <trkpt lat="41.50618" lon="19.78088"/>
    <trkpt lat="41.50636" lon="19.78036"/>
    <trkpt lat="41.50626" lon="19.78008"/>
    <trkpt lat="41.50531" lon="19.78019"/>
    <trkpt lat="41.50238" lon="19.77747"/>
    <trkpt lat="41.50009" lon="19.777"/>
    <trkpt lat="41.49876" lon="19.77711"/>
    <trkpt lat="41.49702" lon="19.7755"/>
    <trkpt lat="41.49566" lon="19.77494"/>
    <trkpt lat="41.49408" lon="19.77282"/>
    <trkpt lat="41.49312" lon="19.77198"/>
    <trkpt lat="41.49303" lon="19.77033"/>
    <trkpt lat="41.49211" lon="19.76888"/>
    <trkpt lat="41.49184" lon="19.76752"/>
    <trkpt lat="41.49198" lon="19.76685"/>
    <trkpt lat="41.49107" lon="19.76703"/>
    <trkpt lat="41.49006" lon="19.76652"/>
    <trkpt lat="41.48959" lon="19.76679"/>
    <trkpt lat="41.49069" lon="19.76804"/>
    <trkpt lat="41.49105" lon="19.76947"/>
    <trkpt lat="41.49095" lon="19.76963"/>
    <trkpt lat="41.49065" lon="19.76861"/>
    <trkpt lat="41.4901" lon="19.76801"/>
    <trkpt lat="41.48854" lon="19.76742"/>
    <trkpt lat="41.48844" lon="19.76656"/>
    <trkpt lat="41.48882" lon="19.76555"/>
    <trkpt lat="41.48872" lon="19.7653"/>
    <trkpt lat="41.48773" lon="19.76646"/>
    <trkpt lat="41.48786" lon="19.76732"/>
    <trkpt lat="41.48769" lon="19.76752"/>
    <trkpt lat="41.48532" lon="19.76671"/>
    <trkpt lat="41.48482" lon="19.76622"/>
    <trkpt lat="41.4834" lon="19.76567"/>
    <trkpt lat="41.4826" lon="19.76584"/>
    <trkpt lat="41.48203" lon="19.76563"/>
    <trkpt lat="41.48159" lon="19.7652"/>
    <trkpt lat="41.48072" lon="19.76328"/>
    <trkpt lat="41.48033" lon="19.7622"/>
    <trkpt lat="41.4779" lon="19.75169"/>
    <trkpt lat="41.47622" lon="19.74939"/>
    <trkpt lat="41.47602" lon="19.74854"/>
    <trkpt lat="41.47789" lon="19.73988"/>
    <trkpt lat="41.47857" lon="19.72559"/>
    <trkpt lat="41.47899" lon="19.72096"/>
    <trkpt lat="41.47919" lon="19.7206"/>
    <trkpt lat="41.47929" lon="19.7187"/>
    <trkpt lat="41.47822" lon="19.71493"/>
    <trkpt lat="41.47884" lon="19.7173"/>
    <trkpt lat="41.47259" lon="19.71899"/>
    <trkpt lat="41.46982" lon="19.72079"/>
    <trkpt lat="41.459" lon="19.72482"/>
    <trkpt lat="41.41384" lon="19.74301"/>
    <trkpt lat="41.41388" lon="19.7419"/>
    <trkpt lat="41.41354" lon="19.74064"/>
    <trkpt lat="41.4141" lon="19.74019"/>
    <trkpt lat="41.41384" lon="19.73888"/>
    <trkpt lat="41.41372" lon="19.73652"/>
    <trkpt lat="41.41396" lon="19.73345"/>
    <trkpt lat="41.41379" lon="19.73246"/>
    <trkpt lat="41.41387" lon="19.73181"/>
    <trkpt lat="41.41447" lon="19.73058"/>
    <trkpt lat="41.41456" lon="19.72992"/>
    <trkpt lat="41.41514" lon="19.72915"/>
    <trkpt lat="41.41526" lon="19.72814"/>
    <trkpt lat="41.41711" lon="19.72672"/>
    <trkpt lat="41.41695" lon="19.7262"/>
    <trkpt lat="41.41719" lon="19.72517"/>
    <trkpt lat="41.41702" lon="19.723"/>
    <trkpt lat="41.41501" lon="19.72338"/>
  </trkseg></trk>
</gpx>
